artist;song;year
Britney Spears;Oops!...I Did It Again;2000
blink-182;All The Small Things;1999
Faith Hill;Breathe;1999
Bon Jovi;It's My Life;2000
*NSYNC;Bye Bye Bye;2000
Sisqo;Thong Song;1999
Eminem;The Real Slim Shady;2000
Robbie Williams;Rock DJ;2000
Destiny's Child;Say My Name;1999
Modjo;Lady - Hear Me Tonight;2001
Gigi D'Agostino;L'Amour Toujours;2011
Eiffel 65;Move Your Body - Gabry Ponte Original Radio Edit;1999
Bomfunk MC's;Freestyler;2000
Sting;Desert Rose;1999
Melanie C;Never Be The Same Again;1999
Aaliyah;Try Again;2002
Anastacia;I'm Outta Love - Radio Edit;1999
Alice Deejay;Better Off Alone;2000
Gigi D'Agostino;The Riddle;1999
Dr. Dre;The Next Episode;1999
Linkin Park;In the End;2000
Tom Jones;Sexbomb;1999
Sonique;It Feels So Good;2000
M.O.P.;Cold as Ice;2000
Melanie C;I Turn To You;1999
Limp Bizkit;Take A Look Around;2000
Darude;Sandstorm;2001
Da Brat;What'chu Like (feat. Tyrese);2000
Moloko;The Time Is Now;2000
Chicane;Don't Give Up;2016
DMX;Party Up;1999
Debelah Morgan;Dance with Me;2000
Madonna;Music;2000
Ruff Endz;No More;2000
Britney Spears;Born to Make You Happy;1999
Montell Jordan;Get It On Tonite;1999
Kylie Minogue;Spinning Around;2000
JAY-Z;Big Pimpin';1999
LeAnn Rimes;I Need You;2001
Avant;Separated;2000
Enrique Iglesias;Be With You;1999
Toni Braxton;He Wasn't Man Enough;2000
Bow Wow;Bounce With Me (feat. Xscape) - Edited Album Version;2000
Dr. Dre;Forgot About Dre;1999
Missy Elliott;Hot Boyz;1998
Backstreet Boys;Show Me the Meaning of Being Lonely;1999
Samantha Mumba;Gotta Tell You;2018
Mýa;Case Of The Ex (Whatcha Gonna Do);2000
Mary Mary;Shackles (Praise You);2000
Next;Wifey;2004
Janet Jackson;Doesn't Really Matter;2001
Ricky Martin;She Bangs - English Version;2000
Jagged Edge;He Can't Love U;2000
Sisqo;Incomplete;1999
JAY-Z;I Just Wanna Love U (Give It 2 Me);2000
Mariah Carey;Thank God I Found You (feat. Joe & 98°);1999
Baha Men;Who Let The Dogs Out;2000
Donell Jones;"U Know What's Up (feat. Lisa ""Left Eye"" Lopes)";1999
LeAnn Rimes;Can't Fight The Moonlight;2001
Oasis;Go Let It Out;2000
DJ Ötzi;Hey Baby (Radio Mix);2010
P!nk;Most Girls;2000
Mariah Carey;Against All Odds (Take A Look at Me Now) (feat. Westlife);2011
Craig David;Fill Me In;2000
Christina Aguilera;I Turn to You;1999
Madonna;American Pie;2000
Red Hot Chili Peppers;Otherside;1999
Sammie;I Like It;2000
Craig David;7 Days;2000
Santana;Maria Maria (feat. The Product G&B);1999
Kandi;Don't Think I'm Not;2000
P!nk;There You Go;2000
Vengaboys;Shalala Lala;2000
Ronan Keating;Life Is A Rollercoaster;2000
Madison Avenue;Don't Call Me Baby;1999
Destiny's Child;Jumpin', Jumpin';1999
Céline Dion;That's the Way It Is;1999
3 Doors Down;Kryptonite;2000
Carl Thomas;I Wish;2000
Mystikal;Shake Ya Ass;2000
Fuel;Hemorrhage (In My Hands);2000
Donell Jones;Where I Wanna Be;1999
Savage Garden;Crash and Burn;1999
Westlife;My Love;2000
All Saints;Pure Shores;2000
Destiny's Child;Independent Women, Pt. 1;2001
*NSYNC;It's Gonna Be Me;2000
Erykah Badu;Bag Lady;2000
Marc Anthony;You Sang To Me;1999
Matchbox Twenty;Bent;2000
Gabrielle;Rise;2001
Backstreet Boys;Shape of My Heart;2000
Creed;With Arms Wide Open;1999
The Corrs;Breathless;2000
Joe;I Wanna Know;2000
Christina Aguilera;Come on over Baby (All I Want Is You) - Radio Version;1999
Creed;Higher;1999
Britney Spears;Lucky;2000
Nelly;Country Grammar (Hot Shit);2000
Shaggy;It Wasn't Me;2000
Destiny's Child;Survivor;2001
Eminem;Stan;2000
Kylie Minogue;Can't Get You out of My Head;2001
Christina Aguilera;"Lady Marmalade - From ""Moulin Rouge"" Soundtrack";2001
Nelly Furtado;I'm Like A Bird;2000
Shakira;Whenever, Wherever;2001
Jimmy Eat World;The Middle;2001
Train;Drops of Jupiter (Tell Me);2001
Geri Halliwell;It's Raining Men;2001
Blu Cantrell;Hit 'Em Up Style (Oops!);2001
Britney Spears;I'm a Slave 4 U;2001
Kylie Minogue;In Your Eyes;2001
Missy Elliott;One Minute Man (feat. Ludacris);2001
Mary J. Blige;Family Affair;2001
Faithless;We Come 1 - Radio Edit;2015
Limp Bizkit;Rollin' (Air Raid Vehicle);2000
Lasgo;Something;2001
iio;Rapture (feat.Nadia Ali);2006
Emma Bunton;What Took You So Long?;2001
112;It's Over Now;2001
Blue;All Rise;2001
Jessica Simpson;Irresistible;2001
Crazy Town;Butterfly;1999
Michael Jackson;You Rock My World;2001
Eve;Let Me Blow Ya Mind;2001
Jennifer Lopez;Ain't It Funny;2001
Brandy;Another Day in Paradise - R&B-Version;2002
Nickelback;How You Remind Me;2001
Daft Punk;One More Time;2001
Outkast;Ms. Jackson;2000
Fragma;Everytime You Need Me - Radio Version;2001
Mariah Carey;Loverboy;2001
Dido;Thank You;1999
Joe;Stutter (feat. Mystikal) - Double Take Remix;2000
P.O.D.;Youth of the Nation;2001
Jennifer Lopez;Play;2001
Missy Elliott;Get Ur Freak On;2001
Ricky Martin;Nobody Wants to Be Lonely (with Christina Aguilera);2008
Christina Milian;AM To PM;2001
Roger Sanchez;Another Chance;2000
Gorillaz;Clint Eastwood;2001
2Pac;Until The End Of Time;2001
Tamia;Stranger in My House;2000
Mary J. Blige;No More Drama;2001
Jennifer Lopez;Love Don't Cost a Thing;2001
Jamiroquai;Little L;2001
Case;Missing You;2001
112;Peaches & Cream;2001
Five;Let's Dance - Radio Edit;2001
Rui Da Silva;Touch Me (Radio Edit) [feat. Cassandra];2001
Alien Ant Farm;Smooth Criminal;2001
Erick Sermon;Music (feat. Marvin Gaye);2001
D12;Purple Pills;2001
Usher;Pop Ya Collar - Radio Edit;2016
Madonna;Don't Tell Me;2000
Blue;If You Come Back;2001
Atomic Kitten;Eternal Flame - Single Version;2001
Jagged Edge;Where the Party At (feat. Nelly);2001
Afroman;Because I Got High;2001
S Club 7;Don't Stop Movin';2001
Craig David;Fill Me In;2000
Nelly Furtado;Turn Off The Light;2000
The Supermen Lovers;Starlight - Radio Edit;2001
Mis-Teeq;All I Want - Sunship Radio Edit;2004
Jagged Edge;Promise;2000
S Club 7;Have You Ever;2001
Enya;Only Time;2000
Faith Hill;There You'll Be;2001
Ronan Keating;Lovin' Each Day;2000
Destiny's Child;Bootylicious;2001
Steps;It's the Way You Make Me Feel;2000
Sunshine Anderson;Heard It All Before;2001
Lenny Kravitz;Again;2000
Daniel Bedingfield;Gotta Get Thru This - D'N'D Radio Edit;2002
DB Boulevard;Point Of View - Radio Edit;2018
Janet Jackson;All For You;2001
Atomic Kitten;Whole Again;2001
Ja Rule;Livin' It Up;2001
Destiny's Child;Independent Women, Pt. 1;2001
DJ Pied Piper & The Masters Of Ceremonies;Do You Really Like It? - Radio Edit;2001
Jennifer Lopez;I'm Real (feat. Ja Rule) - Murder Remix;2001
Musiq Soulchild;Love;2000
So Solid Crew;21 Seconds;2001
Robbie Williams;Eternity;2001
Basement Jaxx;Romeo;2001
Ludacris;Southern Hospitality (Featuring Pharrell);2000
Gabrielle;Rise;2001
Nelly;Ride Wit Me;2000
Trick Daddy;I'm a Thug;2001
Travis;Sing;2001
JAY-Z;Izzo (H.O.V.A.);2001
Gabrielle;Out Of Reach;2001
OPM;Heaven Is a Halfpipe (If I Die);2000
K-Ci & JoJo;Crazy;2019
Staind;It's Been Awhile;2001
3LW;No More (Baby I'ma Do Right);2000
Ginuwine;Differences;2001
*NSYNC;Gone;2001
Lifehouse;Hanging By A Moment;2000
Nelly;Dilemma;2002
Eminem;Without Me;2002
Avril Lavigne;Complicated;2002
Vanessa Carlton;A Thousand Miles;2002
The Calling;Wherever You Will Go;2001
Shakira;Underneath Your Clothes;2001
No Doubt;Underneath It All;2001
Truth Hurts;Addictive;2002
Busta Rhymes;I Know What You Want (feat. Flipmode Squad);2002
Eminem;'Till I Collapse;2002
Diddy;I Need a Girl (Pt. 2) [feat. Loon, Ginuwine & Mario Winans];2004
Christina Milian;When You Look At Me - Radio Edit;2001
Madonna;Die Another Day;2003
Jennifer Lopez;I'm Gonna Be Alright (feat. Nas);2002
Angie Martinez;If I Could Go! (feat. Lil' Mo & Sacario);2019
Linkin Park;In the End;2000
Las Ketchup;The Ketchup Song (Aserejé) - Spanglish Version;2002
Aaliyah;Rock The Boat;2019
Holly Valance;Kiss Kiss;2002
Sugababes;Round Round;2002
Marilyn Manson;Tainted Love;2003
Brandy;What About Us?;2002
Chad Kroeger;Hero (feat. Josey Scott);2003
Britney Spears;Overprotected - Radio Edit;2001
Scooter;The Logical Song;2013
Missy Elliott;4 My People (feat. Eve);2001
Aaliyah;More Than A Woman;2002
Brandy;Full Moon;2002
Blue;One Love;2002
Busta Rhymes;Pass The Courvoisier Part II (feat. P. Diddy & Pharrell) - Remix;2001
Céline Dion;A New Day Has Come - Radio Remix;2001
Scooter;Nessaja;2013
Eve;Gangsta Lovin';2002
Disturbing Tha Peace;Move Bitch;2002
Khia;My Neck, My Back (Lick It);2015
Tweet;Oops (Oh My) [feat. Missy Elliott];2002
Kylie Minogue;Spinning Around;2000
Nelly;Hot In Herre;2002
Gareth Gates;Anyone of Us (Stupid Mistake);2003
Christina Aguilera;Dirrty (feat. Redman);2002
B2K;Uh Huh;2002
Sugababes;Freak Like Me;2002
Dirty Vegas;Days Go By;2002
Fat Joe;What's Luv? (feat. Ja-Rule & Ashanti);2001
Liberty X;Just A Little;2019
No Doubt;Hella Good;2001
LL Cool J;Luv U Better;2002
Red Hot Chili Peppers;Can't Stop;2002
Musiq Soulchild;Halfcrazy;2002
Sean Paul;Gimme the Light;2002
Faith Evans;I Love You;2001
Charli Baltimore;Down 4 U;2002
Kylie Minogue;Love at First Sight;2001
N.O.R.E.;Nothin';2002
Gareth Gates;Unchained Melody;2003
Diddy;I Need a Girl (Pt. 1) [feat. Usher & Loon];2005
Big Brovaz;Nu Flow;2001
No Doubt;Hey Baby;2001
Ashanti;Baby;2002
Sophie Ellis-Bextor;Murder On The Dancefloor;2002
Justin Timberlake;Like I Love You;2002
Mary J. Blige;Rainy Dayz;2001
A1;Caught in the Middle;2001
Eminem;Cleanin' Out My Closet;2002
Ashanti;Happy;2002
Delta Goodrem;Born to Try;2003
P!nk;Get the Party Started;2001
Alicia Keys;A Woman's Worth;2001
Daniel Bedingfield;Gotta Get Thru This - D'N'D Radio Edit;2002
Coldplay;Clocks;2002
Missy Elliott;Work It;2002
Ronan Keating;If Tomorrow Never Comes;2002
Big Tymers;Still Fly;2002
Creed;My Sacrifice;2001
Ja Rule;Always On Time;2001
Ashanti;Foolish;2002
Avril Lavigne;Sk8er Boi;2002
DJ Sammy;Heaven;2002
Britney Spears;I'm Not a Girl, Not Yet a Woman;2001
Cam’ron;Oh Boy;2002
Red Hot Chili Peppers;By the Way;2002
Elvis Presley;A Little Less Conversation - JXL Radio Edit Remix;2002
Atomic Kitten;The Tide Is High - Radio Mix;2002
*NSYNC;Girlfriend;2001
Robbie Williams;Somethin' Stupid;2001
Alanis Morissette;Hands Clean;2002
Usher;U Don't Have to Call;2001
Creed;One Last Breath - Radio Version;2015
The Goo Goo Dolls;Here Is Gone;2002
Puddle Of Mudd;She Hates Me;2001
Ludacris;Rollout (My Business);2001
Blazin' Squad;Crossroads - Radio Edit;2012
Default;Wasting My Time;2001
Michelle Branch;All You Wanted;2001
Daniel Bedingfield;If You're Not The One;2002
Enrique Iglesias;Escape;2001
Puddle Of Mudd;Blurry;2001
Coldplay;In My Place;2002
Outkast;The Whole World (feat. Killer Mike);2001
P!nk;Don't Let Me Get Me - Radio Edit;2001
50 Cent;In Da Club;2003
Sean Paul;Get Busy;2002
Eminem;"Lose Yourself - From ""8 Mile"" Soundtrack";2004
Beyoncé;Crazy In Love (feat. Jay-Z);2003
Counting Crows;Big Yellow Taxi;2003
Black Eyed Peas;Where Is The Love?;2003
Jennifer Lopez;Jenny from the Block (feat. Jadakiss & Styles P.) - Track Masters Remix;2002
Black Eyed Peas;Shut Up;2003
t.A.T.u.;All The Things She Said;2020
Benny Benassi;Satisfaction (Isak Original Extended) - Benny Benassi Presents The Biz;2003
Busta Rhymes;I Know What You Want (feat. Flipmode Squad);2002
Panjabi MC;Mundian to Bach Ke;2003
Mis-Teeq;Scandalous - U.S. Radio Edit;2004
JAY-Z;03' Bonnie & Clyde;2002
50 Cent;P.I.M.P.;2003
Jamelia;Superstar;2003
Linkin Park;Faint;2003
DMX;X Gon' Give It To Ya;2007
Evanescence;Bring Me To Life;2003
Sugababes;Hole In The Head;2003
Craig David;Rise & Fall (feat. Sting);2002
Three Days Grace;I Hate Everything About You;2003
Lil Jon & The East Side Boyz;Get Low;2002
B2K;Bump, Bump, Bump (feat. P. Diddy);2003
Baby Bash;Suga Suga;2003
Aaliyah;Miss You - Main;2002
Britney Spears;Me Against the Music (feat. Madonna) - LP Version / Video Mix;2003
Blue;Sorry Seems To Be The Hardest Word;2004
Delta Goodrem;Lost Without You;2003
Justin Timberlake;Rock Your Body;2002
The White Stripes;Seven Nation Army;2003
Youngbloodz;Damn! (feat. Lil' Jon) - Club Mix;2003
Beyoncé;Baby Boy (feat. Sean Paul);2003
Lil' Kim;Magic Stick;2019
Christina Aguilera;Can't Hold Us Down (feat. Lil' Kim);2002
Nickelback;Someday;2003
Blue;U Make Me Wanna - Radio Edit;2003
Ashanti;Rain On Me;2003
Trapt;Headstrong;2002
Simply Red;Sunrise;2008
Lumidee;Never Leave You (Uh Oooh, Uh Oooh);2003
Girls Aloud;Sound Of The Underground;2003
Nelly;Shake Ya Tailfeather (feat. P. Diddy & Murphy Lee) - 2016 Remaster;2016
Room 5;Make Luv;2003
Fatman Scoop;Be Faithful;2009
Limp Bizkit;Behind Blue Eyes;2003
Sugababes;Too Lost In You;2003
50 Cent;"Wanksta - From ""8 Mile"" Soundtrack";2003
Pharrell Williams;Frontin' (feat. Jay-Z) - Club Mix;2003
Chingy;Right Thurr;2003
Eminem;Sing For The Moment;2002
Lil' Kim;The Jump Off (feat. Mr. Cheeks) - Remix;2003
Mýa;My Love Is Like...Wo - Main Mix;2003
50 Cent;21 Questions;2003
Nelly;Air Force Ones;2002
Missy Elliott;Gossip Folks (feat. Ludacris);2002
Girls Aloud;Jump;2003
Ultrabeat;Pretty Green Eyes - Radio Edit;2003
Christina Aguilera;Fighter;2002
Frankie J;Don't Wanna Try;2003
Snoop Dogg;Beautiful;2005
Floetry;Say Yes;2002
Ginuwine;In Those Jeans;2003
Electric Six;Danger! High Voltage - Soulchild Radio Mix;2003
Rachel Stevens;Sweet Dreams My LA Ex - Radio Edit;2003
Ludacris;Stand Up;2003
Nas;I Can;2002
3 Doors Down;When I'm Gone;2002
Tyrese;How You Gonna Act Like That;2002
Justin Timberlake;Cry Me a River;2002
Westlife;Mandy;2003
No Doubt;It's My Life;2003
Amanda Perez;Angel;2003
JAY-Z;Excuse Me Miss;2002
Coldplay;Clocks;2002
Kelly Rowland;Stole;2002
Missy Elliott;Work It;2002
Ashanti;Rock Wit U (Awww Baby);2003
Junior Senior;Move Your Feet;2002
Audioslave;Like a Stone;2002
Sean Paul;Like Glue;2002
Jaheim;Put That Woman First;2002
Jennifer Lopez;All I Have (feat. LL Cool J);2002
Monica;So Gone;2003
Dido;White Flag;2003
The Roots;The Seed (2.0);2002
Chingy;Holidae In;2003
Fabolous;Can't Let You Go (feat. Mike Shorey & Lil' Mo);2003
Kelly Clarkson;Miss Independent;2003
Ja Rule;Mesmerize;2002
Matchbox Twenty;Unwell;2002
Outkast;The Way You Move (feat. Sleepy Brown);2003
Fabolous;Into You (feat. Tamia);2003
Switchfoot;Meant to Live;2003
Daniel Bedingfield;If You're Not The One;2002
Good Charlotte;Lifestyles of the Rich & Famous;2002
Wayne Wonder;No Letting Go;2003
The Strokes;Reptilia;2003
Avril Lavigne;I'm with You;2002
Will Young;Leave Right Now;2003
Usher;Yeah! (feat. Lil Jon & Ludacris);2004
Maroon 5;This Love;2002
Britney Spears;Toxic;2003
Outkast;Hey Ya!;2003
Hoobastank;The Reason;2003
Anastacia;Left Outside Alone;2004
Daddy Yankee;Gasolina;2004
Black Eyed Peas;Let's Get It Started - Spike Mix;2004
O-Zone;Dragostea Din Tei;2004
Terror Squad;Lean Back;2004
Anastacia;Sick and Tired;1999
Gwen Stefani;What You Waiting For?;2004
Ashanti;Only U - No Intro;2004
The Rasmus;In the Shadows;2003
Houston;I Like That;2004
Beyoncé;Naughty Girl;2003
Linkin Park;Numb;2003
Lloyd Banks;On Fire;2004
Akon;Locked Up;2004
D12;My Band;2004
Jay Sean;Eyes On You - Radio Mix;2004
Mario Winans;I Don't Wanna Know (feat. Enya & P. Diddy) - 2016 Remaster;2016
Destiny's Child;Lose My Breath;2004
Eric Prydz;Call on Me - Radio Mix;2004
Ciara;Goodies (feat. Petey Pablo);2004
Kelis;Trick Me;2003
LL Cool J;Headsprung;2004
Spiderbait;Black Betty - Edit;2004
George Michael;Amazing;2004
Britney Spears;My Prerogative;2004
Nina Sky;Move Ya Body;2004
Baby Bash;Suga Suga;2003
Petey Pablo;Freek-A-Leek;2003
JAY-Z;Dirt Off Your Shoulder;2003
Juanes;La Camisa Negra;2004
Avril Lavigne;Nobody's Home;2004
Robbie Williams;Radio;2004
Black Eyed Peas;Hey Mama;2003
Ying Yang Twins;Salt Shaker;2003
Enrique Iglesias;Not In Love - Radio Mix;2003
Kelis;Milkshake;2003
Linkin Park;Breaking the Habit;2003
JoJo;Leave (Get Out) - Radio Edit;2005
Christina Milian;Dip It Low;2004
Avant;Read Your Mind;2003
Eminem;Just Lose It;2004
Sugababes;Too Lost In You;2003
Snoop Dogg;Drop It Like It's Hot;2004
Sean Paul;I'm Still in Love with You (feat. Sasha);2002
The Shapeshifters;Lola's Theme - Radio Edit;2004
D12;How Come;2004
Basement Jaxx;Good Luck;2003
Kevin Lyttle;Turn Me On;2004
Chingy;One Call Away;2003
T.I.;Bring Em Out;2004
DJ Casper;Cha Cha Slide - Hardino Mix;2004
Kylie Minogue;I Believe in You;2004
Twista;Overnight Celebrity;2004
N.E.R.D;She Wants To Move;2004
Britney Spears;Everytime;2003
U2;Vertigo;2004
Franz Ferdinand;Take Me Out;2004
J-Kwon;Tipsy - Club Mix;2001
G-Unit;Wanna Get To Know You;2003
Lil' Flip;Sunshine (feat. Lea);2004
Kanye West;Jesus Walks;2004
Evanescence;My Immortal;2003
Nelly;My Place;2004
Lemar;If There's Any Justice;2004
No Doubt;It's My Life;2003
Avril Lavigne;Don't Tell Me;2004
Twista;Slow Jamz;2004
Green Day;American Idiot;2004
Kelis;Millionaire;2003
Scissor Sisters;Comfortably Numb;2004
Alicia Keys;Diary (feat. Tony! Toni! Tone! & Jermaine Paul);2003
Kanye West;Through The Wire;2004
Special D.;Come With Me - Radio Edit;2004
Ludacris;Splash Waterfalls;2003
Avril Lavigne;My Happy Ending;2004
Dido;White Flag;2003
Eamon;Fuck It (I Don't Want You Back);2004
Beyoncé;Me, Myself and I;2003
3 Doors Down;Here Without You;2002
Kanye West;All Falls Down;2004
Twista;Sunshine (feat. Anthony Hamilton);2004
Katie Melua;The Closest Thing to Crazy;2003
Usher;My Boo;2004
Lloyd;Southside;2004
LMC;Take Me To The Clouds Above - LMC Vs. U2 / Radio Edit;2004
The Streets;Fit but You Know It;2004
JUVENILE;Slow Motion;2003
Outkast;The Way You Move (feat. Sleepy Brown);2003
Girls Aloud;Love Machine;2004
Jessica Simpson;With You;2003
Eminem;Like Toy Soldiers;2004
Gary Jules;Mad World (Feat. Michael Andrews);2001
Ashlee Simpson;Pieces Of Me;2004
Will Young;Leave Right Now;2003
Alicia Keys;You Don't Know My Name;2003
Mariah Carey;We Belong Together;2005
Mario;Let Me Love You;2004
Kanye West;Gold Digger;2005
Rihanna;Pon de Replay;2005
50 Cent;Candy Shop;2005
James Blunt;You're Beautiful;2005
Green Day;Boulevard of Broken Dreams;2004
The Pussycat Dolls;Don't Cha;2005
Daniel Powter;Bad Day;2005
Akon;Bananza (Belly Dancer);2004
Madonna;Hung Up;2005
50 Cent;Just A Lil Bit;2005
Crazy Frog;Axel F;2005
Eminem;Ass Like That;2004
Sean Paul;We Be Burnin';2005
Gwen Stefani;Rich Girl;2004
The Chemical Brothers;Galvanize;2005
Fort Minor;Remember the Name (feat. Styles of Beyond);2005
50 Cent;Disco Inferno;2005
The Game;How We Do;2005
Chris Brown;Run It! (feat. Juelz Santana);2005
Mariah Carey;It's Like That;2005
Black Eyed Peas;My Humps;2005
Ciara;Oh (feat. Ludacris);2004
50 Cent;Outta Control - Remix;2005
Baby Bash;Baby, I'm Back;2005
Jennifer Lopez;Get Right;2005
JAY-Z;Numb / Encore;2004
The Game;Hate It Or Love It;2005
Gorillaz;Feel Good Inc.;2005
Black Eyed Peas;Don't Phunk With My Heart;2005
Akon;Lonely;2004
Bodyrockers;I Like The Way - Radio Edit;2005
Sugababes;Push The Button;2005
Jeezy;Soul Survivor;2005
Eminem;Mockingbird;2004
Shakira;La Tortura (feat. Alejandro Sanz);2005
Gorillaz;DARE;2005
Snoop Dogg;Signs;2004
Robbie Williams;Tripping;2005
David Banner;Play;2005
Trillville;Some Cut;2004
D4L;Laffy Taffy;2005
Missy Elliott;Lose Control (feat. Ciara & Fat Man Scoop);2005
Rob Thomas;Lonely No More;2005
Brian McFadden;Almost Here;2004
Bobby V.;"Slow Down - 12"" Version";2005
Backstreet Boys;Incomplete;2005
Pretty Ricky;Grind With Me;2005
Kanye West;Diamonds From Sierra Leone - Remix;2005
Snoop Dogg;Drop It Like It's Hot;2004
Fat Joe;Get It Poppin' (feat. Nelly) - Radio Version;2005
Destiny's Child;Soldier (feat. T.I. & Lil' Wayne);2004
Ciara;1, 2 Step (feat. Missy Elliott) - Main;2005
Amerie;1 Thing;2008
Ludacris;Get Back;2004
Franz Ferdinand;Do You Want To;2005
Natalie Imbruglia;Shiver;2005
Gwen Stefani;Hollaback Girl;2004
Pretty Ricky;Your Body;2005
Thirty Seconds To Mars;The Kill;2005
Alicia Keys;Karma;2003
2Pac;Ghetto Gospel;2004
Craig David;Don't Love You No More (I'm Sorry);2005
Katie Melua;Nine Million Bicycles;2005
Lil Jon & The East Side Boyz;Lovers And Friends;2004
Mariah Carey;Don't Forget About Us - Radio Edit;2005
Ying Yang Twins;Wait (The Whisper Song);2005
Will Smith;Switch;2020
Bow Wow;Like You (feat. Ciara);2005
Kaiser Chiefs;Everyday I Love You Less And Less;2005
Kelly Clarkson;Behind These Hazel Eyes;2004
Black Eyed Peas;Don't Lie;2005
Westlife;You Raise Me Up;2005
Ray J;One Wish;2005
Papa Roach;Scars;2004
Arctic Monkeys;I Bet You Look Good On The Dancefloor;2006
Shayne Ward;That's My Goal;2006
Bow Wow;Let Me Hold You (feat. Omarion);2005
Kaiser Chiefs;I Predict A Riot;2005
Usher;Caught Up;2004
Kelly Clarkson;Because of You;2004
3 Doors Down;Let Me Go;2012
Nickelback;Photograph;2005
T-Pain;I'm Sprung;2005
Destiny's Child;Cater 2 U;2004
The Pussycat Dolls;Stickwitu;2005
Ryan Cabrera;TRUE;2004
Stereophonics;Dakota;2005
Eminem;Like Toy Soldiers;2004
Nelly;Over And Over;2004
Coldplay;Speed of Sound;2005
KT Tunstall;Suddenly I See;2005
Destiny's Child;Girl;2004
Kelly Clarkson;Since U Been Gone;2004
U2;Sometimes You Can't Make It On Your Own;2004
The All-American Rejects;Dirty Little Secret;2005
Toby Keith;As Good As I Once Was;2005
Gwen Stefani;Cool;2004
Foo Fighters;Best of You;2005
Shakira;Hips Don't Lie (feat. Wyclef Jean);2005
Sean Paul;Temperature;2005
Justin Timberlake;SexyBack (feat. Timbaland);2006
Beyoncé;Irreplaceable;2007
Amy Winehouse;Rehab;2006
Rihanna;SOS;2006
Gnarls Barkley;Crazy;2006
Busta Rhymes;Touch It;2006
Nelly Furtado;Maneater;2006
Bob Sinclar;Rock This Party - Everybody Dance Now;2006
Diddy;Come to Me (feat. Nicole Scherzinger);2006
Madonna;Sorry;2005
Chamillionaire;Ridin';2005
Black Eyed Peas;Pump It;2005
Nelly Furtado;Promiscuous;2006
Fedde Le Grand;Put Your Hands Up for Detroit - Radio Edit;2015
Sean Paul;(When You Gonna) Give It Up to Me (feat. Keyshia Cole) - Radio Version;2006
The Pussycat Dolls;Buttons;2005
Ciara;Get Up (feat. Chamillionaire);2006
Eminem;Shake That;2005
Cherish;Do It To It;2006
Muse;Supermassive Black Hole;2006
Chris Brown;Gimme That;2005
Infernal;From Paris to Berlin;2004
Cassie;Me & U;2006
E-40;U and Dat (feat. T. Pain & Kandi Girl);2006
The Pussycat Dolls;Beep;2005
Lil Jon;Snap Yo Fingers;2006
Armand Van Helden;My My My - Radio Edit;2006
The Notorious B.I.G.;Nasty Girl (feat. Diddy, Nelly, Jagged Edge & Avery Storm) - 2005 Remaster;2005
Yung Joc;It's Goin' Down (feat. Nitti);2006
Shayne Ward;No Promises;2006
Justin Timberlake;My Love (feat. T.I.);2006
Nickelback;Savin' Me;2005
Nelly;Grillz;2005
Take That;Patience;2006
Fergie;London Bridge;2006
Cascada;Everytime We Touch - Radio Edit;2011
D4L;Laffy Taffy;2005
LL Cool J;Control Myself;2006
Beyoncé;Deja Vu (feat. Jay-Z);2007
P!nk;Stupid Girls;2006
Eminem;When I'm Gone;2005
Kelis;Bossy;2006
Bob Sinclar;Love Generation - Radio Edit;2005
Meck;Thunder in My Heart Again (Radio Edit);2005
Mary J. Blige;Be Without You - Kendu Mix;2005
Girls Aloud;Something Kinda Ooooh;2012
Rihanna;Unfaithful;2006
Kanye West;Touch The Sky;2005
Dem Franchize Boyz;Lean Wit It, Rock Wit It;2006
Evanescence;Call Me When You're Sober;2006
Chingy;Pullin' Me Back;2006
Nickelback;Far Away;2005
Fall Out Boy;Dance, Dance;2005
Leona Lewis;A Moment Like This;2007
T.I.;What You Know;2006
Ludacris;Money Maker;2006
Nick Lachey;What's Left Of Me;2006
Jibbs;Chain Hang Low;2006
Arctic Monkeys;When The Sun Goes Down;2006
Rascal Flatts;Life is a Highway;2006
Beyoncé;Check On It (feat. Slim Thug);2006
Keyshia Cole;Love;2005
Lily Allen;Smile;2006
Ne-Yo;Sexy Love;2006
JoJo;Too Little Too Late;2006
Mary J. Blige;One;2005
Bubba Sparxxx;Ms. New Booty;2005
Amy Winehouse;You Know I'm No Good;2006
Rascal Flatts;What Hurts The Most;2006
Red Hot Chili Peppers;Dani California;2006
Scissor Sisters;I Don't Feel Like Dancin';2006
Ne-Yo;So Sick;2006
Hinder;Lips Of An Angel;2019
The Raconteurs;Steady, As She Goes;2006
The Fratellis;Chelsea Dagger;2006
Fort Minor;Where'd You Go (feat. Holly Brook & Jonah Matranga);2005
The Pussycat Dolls;Stickwitu;2005
Panic! At The Disco;I Write Sins Not Tragedies;2005
James Blunt;Goodbye My Lover;2005
Christina Aguilera;Ain't No Other Man;2006
Westlife;The Rose;2006
Keane;Is It Any Wonder?;2006
Orson;No Tomorrow;2006
T-Pain;I'm N Luv (Wit a Stripper) (feat. Mike Jones);2005
KT Tunstall;Black Horse And The Cherry Tree;2005
Natasha Bedingfield;Unwritten;2004
Razorlight;America;2006
James Morrison;You Give Me Something;2006
Snow Patrol;You're All I Have;2006
The Fray;How to Save a Life;2005
Sandi Thom;I Wish I Was a Punk Rocker (with Flowers in My Hair);2006
My Chemical Romance;Welcome to the Black Parade;2006
Razorlight;In The Morning;2006
The All-American Rejects;Dirty Little Secret;2005
James Morrison;Wonderful World;2006
Chris Brown;Yo (Excuse Me Miss);2005
P!nk;Who Knew;2006
The Kooks;Naive;2006
Leona Lewis;Bleeding Love;2007
Rihanna;Umbrella;2008
Britney Spears;Gimme More;2007
Fergie;Big Girls Don't Cry (Personal);2006
Mark Ronson;Valerie (feat. Amy Winehouse) - Version Revisited;2007
Plain White T's;Hey There Delilah;2005
Justin Timberlake;What Goes Around.../...Comes Around (Interlude);2006
Gwen Stefani;The Sweet Escape;2006
Timbaland;The Way I Are;2007
Nelly Furtado;Say It Right;2006
Ida Corr;Let Me Think About It;2012
Alex Gaudino;Destination Calabria - Radio Edit;2007
September;Cry for You;2007
Akon;Smack That;2006
Timbaland;Give It To Me;2007
50 Cent;Ayo Technology;2007
Eric Prydz;Proper Education - Radio Edit;2007
Fedde Le Grand;Put Your Hands Up For Detroit - Radio Edit;2015
Ciara;Like a Boy;2006
Kanye West;Stronger;2007
Beyoncé;Beautiful Liar;2007
Gym Class Heroes;Cupid's Chokehold / Breakfast in America - Radio Mix;2007
Akon;I Wanna Love You;2006
Soulja Boy;Crank That (Soulja Boy);2007
Fat Joe;Make It Rain;2006
P!nk;U + Ur Hand;2006
Rihanna;Shut Up And Drive;2008
Lloyd;Get It Shawty;2007
Kanye West;Can't Tell Me Nothing;2007
Camille Jones;The Creeps - Fedde Le Grand Radio Mix;2006
Linkin Park;What I've Done;2007
Keyshia Cole;Last Night;2007
Chris Brown;Kiss Kiss (feat. T-Pain);2007
Shop Boyz;Party Like A Rock Star;2007
Finger Eleven;Paralyzer;2007
Justin Timberlake;Summer Love;2006
MiMS;This Is Why I'm Hot;2007
Fabolous;Make Me Better;2007
Seether;Fake It;2007
Take That;Patience;2006
Arctic Monkeys;Brianstorm;2007
Justin Timberlake;My Love (feat. T.I.);2006
Fergie;Glamorous;2006
Linkin Park;Bleed It Out;2007
My Chemical Romance;Teenagers;2006
Calvin Harris;Acceptable in the 80's;2007
Sugababes;About You Now;2007
Avril Lavigne;Girlfriend;2007
Ne-Yo;Because Of You;2007
Daughtry;It's Not Over;2016
Unk;Walk It Out;2013
Lloyd;You;2007
Klaxons;Golden Skans;2007
T-Pain;Bartender (feat. Akon);2007
Baby Boy Da Prince;The Way I Live - Main Explicit;2006
Fergie;Fergalicious;2006
Omarion;Ice Box;2006
Pretty Ricky;On the Hotline - Amended Version;2007
Nickelback;Rockstar;2005
Fall Out Boy;Thnks fr th Mmrs;2007
Justin Timberlake;LoveStoned / I Think She Knows (Interlude);2006
All Time Low;Dear Maria, Count Me In;2007
Amy Winehouse;Back To Black;2006
Keyshia Cole;Let It Go;2007
Ciara;Promise;2006
Enrique Iglesias;Do You Know? (The Ping Pong Song);2007
T2;Heartbroken - Edit;2017
Robyn;With Every Heartbeat;2005
Maroon 5;Makes Me Wonder;2007
Fall Out Boy;This Ain't A Scene, It's An Arms Race;2007
Paramore;Misery Business;2007
Hinder;Better Than Me;2019
Huey;Pop, Lock & Drop It - Video Edit;2006
Foo Fighters;The Pretender;2007
Plies;Shawty (feat. T Pain);2007
Kaiser Chiefs;Ruby;2007
Mark Ronson;Stop Me (feat. Daniel Merriweather);2007
Bow Wow;Outta My System (feat. T-Pain & Johntá Austin);2006
Jim Jones;We Fly High;2006
The Red Jumpsuit Apparatus;Face Down;2006
MIKA;Grace Kelly;2006
Christina Aguilera;Candyman;2006
Sean Kingston;Beautiful Girls;2007
Akon;Don't Matter;2006
James Blunt;1973;2007
Carrie Underwood;Before He Cheats;2005
Just Jack;Starz In Their Eyes;2006
T-Pain;Buy U a Drank (Shawty Snappin') (feat. Yung Joc);2007
Bone Thugs-N-Harmony;I Tried;2007
Avril Lavigne;When You're Gone;2007
Rich Boy;Throw Some D's;2007
MIKA;Love Today;2006
Manic Street Preachers;Your Love Alone Is Not Enough (feat. Nina Persson);2007
Elliott Yamin;Wait for You;2007
Wyclef Jean;Sweetest Girl (Dollar Bill) (feat. Akon, Lil' Wayne & Niia);2007
Boys Like Girls;The Great Escape;2007
Take That;Rule The World - Radio Edit;2007
J. Holiday;Bed;2007
Red Hot Chili Peppers;Snow (Hey Oh);2006
Ludacris;Runaway Love;2006
Flo Rida;Low (feat. T-Pain);2008
Katy Perry;I Kissed A Girl;2008
Rihanna;Take A Bow;2008
Alicia Keys;No One;2007
Timbaland;Apologize;2007
Ne-Yo;Miss Independent;2008
Chris Brown;With You;2007
Beyoncé;If I Were a Boy;2008
Kardinal Offishall;Dangerous;2008
Madcon;Beggin (original version);2007
September;Cry for You;2007
Rihanna;Disturbia;2008
Guru Josh Project;Infinity 2008;2011
Britney Spears;Break the Ice;2007
Lil Wayne;Lollipop;2008
Basshunter;Now You're Gone - Video Edit;2008
Kanye West;Flashing Lights;2007
Madonna;4 Minutes (feat. Justin Timberlake & Timbaland);2009
Katy Perry;Hot N Cold;2008
Rihanna;Don't Stop The Music;2008
Snoop Dogg;Sensual Seduction;2007
Akon;Right Now (Na Na Na);2008
Britney Spears;Womanizer;2008
Eric Prydz;Pjanoo - Radio Edit;2008
Kelly Rowland;Work;2010
Jeezy;Put On;2008
Madonna;Give It 2 Me;2008
The Pussycat Dolls;When I Grow Up;2008
will.i.am;Heartbreaker;2007
Soulja Boy;Crank That (Soulja Boy);2007
Britney Spears;Piece of Me;2007
T.I.;Live Your Life;2008
Ne-Yo;Closer;2008
Lil Wayne;A Milli;2008
Colby O'Donis;What You Got;2008
Miley Cyrus;See You Again;2007
Basshunter;All I Ever Wanted - Radio Edit;2008
Chris Brown;Kiss Kiss (feat. T-Pain);2007
Finger Eleven;Paralyzer;2007
Alesha Dixon;The Boy Does Nothing;2008
Dizzee Rascal;Dance Wiv Me - Radio Edit;2011
Gabriella Cilmi;Sweet About Me;2008
Jack White;Another Way to Die;2007
Plies;Hypnotized (feat. Akon);2007
The Pussycat Dolls;I Hate This Part;2008
Sean Kingston;Take You There;2008
Natasha Bedingfield;Pocketful of Sunshine;2008
The Offspring;You're Gonna Go Far, Kid;2008
Kanye West;Homecoming;2007
Estelle;American Boy;2008
Saving Abel;Addicted;2008
Pendulum;Propane Nightmares;2008
The Game;My Life;2008
Danity Kane;Damaged;2008
P!nk;So What;2008
Kanye West;Love Lockdown;2008
Gym Class Heroes;Cookie Jar (feat. The-Dream);2008
M.I.A.;Paper Planes;2007
3 Doors Down;It's Not My Time;2008
Kylie Minogue;Wow;2007
Mariah Carey;Touch My Body;2008
MGMT;Kids;2007
The Ting Tings;Shut Up and Let Me Go;2007
Lil Wayne;Got Money;2008
Santana;Into the Night (feat. Chad Kroeger);2007
The-Dream;I Luv Your Girl;2007
Wiley;Wearing My Rolex - Radio Edit;2008
Usher;Love in This Club (feat. Young Jeezy);2008
Sam Sparro;Black & Gold - Radio Edit;2008
"H ""two"" O";What's It Gonna Be (feat. Platnum);2008
The Ting Tings;That's Not My Name;2008
Plies;Bust It Baby, Pt. 2 (feat. Ne-Yo);2008
James Morrison;Broken Strings;2008
Leona Lewis;Run;2007
Metro Station;Shake It;2007
T.I.;Whatever You Like;2008
Trey Songz;Can't Help but Wait;2007
OneRepublic;Stop And Stare;2007
Alexandra Burke;Hallelujah;2009
Mary J. Blige;Just Fine;2007
Jordin Sparks;One Step At a Time;2007
Coldplay;Viva La Vida;2008
Kings of Leon;Sex on Fire;2008
Kanye West;Good Life;2007
Duffy;Mercy;2008
David Archuleta;Crush;2008
J. Holiday;Suffocate - Superclean;2007
Gavin DeGraw;In Love With a Girl;2008
Jordin Sparks;Tattoo;2007
Coldplay;Violet Hill;2008
Ray J;Sexy Can I feat. Yung Berg;2008
Jennifer Hudson;Spotlight;2008
John Legend;Green Light (feat. André 3000);2008
Jonas Brothers;Burnin' Up;2008
Lupe Fiasco;Superstar (feat. Matthew Santos);2007
Chris Brown;Forever;2008
Adele;Chasing Pavements;2008
Leona Lewis;Better in Time;2007
Fergie;Clumsy;2006
T-Pain;Can't Believe It (feat. Lil' Wayne);2008
Black Eyed Peas;I Gotta Feeling;2009
Lady Gaga;Poker Face;2008
Beyoncé;Halo;2008
David Guetta;Sexy Bitch (feat. Akon);2010
Flo Rida;Right Round;2009
Taylor Swift;Love Story;2008
Pitbull;Hotel Room Service;2009
Britney Spears;Circus;2008
Lady Gaga;LoveGame;2008
Skillet;Monster;2009
The Prodigy;Omen;2009
Black Eyed Peas;Meet Me Halfway;2009
Kanye West;Heartless;2008
Kid Cudi;Day 'N' Nite (Nightmare);2009
Lady Gaga;Just Dance;2008
Britney Spears;If U Seek Amy;2008
Pitbull;I Know You Want Me (Calle Ocho);2009
Mariah Carey;Obsessed;2009
Beyoncé;Sweet Dreams;2008
Agnes;Release Me;2009
Black Eyed Peas;Boom Boom Pow;2009
Shakira;She Wolf;2009
Lady Gaga;Paparazzi;2008
JAY-Z;Empire State Of Mind;2009
OneRepublic;All The Right Moves;2009
Jeremih;Birthday Sex;2009
Cascada;Evacuate The Dancefloor;2009
Linkin Park;New Divide;2009
Kevin Rudolf;Let It Rock;2008
JAY-Z;Run This Town;2009
Lady Gaga;Bad Romance;2009
T.I.;Live Your Life;2008
Eminem;We Made You;2009
Dizzee Rascal;Bonkers;2011
Ciara;Love Sex Magic (feat. Justin Timberlake);2009
Rihanna;Russian Roulette;2009
Soulja Boy;Turn My Swag On;2008
The xx;Intro;2009
Jay Sean;Down;2009
Keri Hilson;Turnin Me On - Original Dirty;2008
David Guetta;When Love Takes Over (feat. Kelly Rowland);2010
Cheryl;Fight For This Love;2009
Soulja Boy;Kiss Me Thru The Phone;2008
Eminem;Crack A Bottle;2009
P!nk;Sober;2010
Tinchy Stryder;Number 1;2009
Pixie Lott;Mama Do (Uh Oh, Uh Oh);2009
JLS;Beat Again - Radio Edit;2009
3OH!3;DONTTRUSTME;2008
A.R. Rahman;Jai Ho! (You Are My Destiny);2009
The Pussycat Dolls;I Hate This Part;2008
Akon;Beautiful;2008
Alexandra Burke;Bad Boys (feat. Flo Rida);2009
Mario;Break Up;2009
Drake;Forever;2009
Selena Gomez & The Scene;Naturally;2009
Kanye West;Love Lockdown;2008
The Veronicas;Untouched;2005
Fabolous;Throw It In The Bag;2009
Jason Derulo;Whatcha Say;2010
Lily Allen;Not Fair;2009
T.I.;Dead And Gone;2008
Sean Kingston;Fire Burning;2009
Empire of the Sun;Walking On A Dream;2008
Cobra Starship;Good Girls Go Bad (feat. Leighton Meester);2009
Nickelback;If Today Was Your Last Day;2008
La Roux;Bulletproof;2009
Kasabian;Fire;2009
Calvin Harris;I'm Not Alone - Radio Edit;2009
Justin Bieber;One Time;2009
Jamie Foxx;Blame It;2008
La Roux;In For The Kill;2009
Muse;Uprising;2009
Nickelback;Gotta Be Somebody;2008
James Morrison;Broken Strings;2008
T.I.;Whatever You Like;2008
Dizzee Rascal;Holiday;2011
Beyoncé;Single Ladies (Put a Ring on It);2008
Boys Like Girls;Love Drunk;2009
The-Dream;Rockin' That Shit;2009
OneRepublic;Secrets;2009
JLS;Everybody in Love;2013
Jason Aldean;Big Green Tractor;2009
The Fray;Never Say Never;2009
Lily Allen;The Fear;2009
Kings of Leon;Sex on Fire;2008
Drake;Best I Ever Had;2010
Kelly Clarkson;Already Gone;2009
Miley Cyrus;Party In The U.S.A.;2009
Jordin Sparks;Battlefield;2009
Ne-Yo;Mad;2008
Green Day;21 Guns;2009
Keri Hilson;Knock You Down;2009
Taylor Swift;You Belong With Me;2008
Shinedown;Second Chance;2008
Asher Roth;I Love College;2009
Katy Perry;Waking Up In Vegas;2008
Kelly Clarkson;My Life Would Suck Without You;2009
Mumford & Sons;Little Lion Man;2009
The Fray;You Found Me;2009
Bruno Mars;Just the Way You Are;2010
Eminem;Love The Way You Lie;2010
Lady Gaga;Bad Romance;2009
Stromae;Alors on danse - Radio Edit;2010
Kesha;TiK ToK;2010
David Guetta;Memories (feat. Kid Cudi);2010
Taio Cruz;Dynamite;2010
Rihanna;Only Girl (In The World);2010
Katy Perry;California Gurls;2012
Kesha;Take It Off;2010
INNA;Hot - Play & Win Radio Version;2010
Far East Movement;Like A G6;2010
David Guetta;Gettin' Over You (feat. Fergie & LMFAO);2010
Duck Sauce;Barbra Streisand - Radio Edit;2010
Lucenzo;Danza Kuduro (feat. Don Omar);2011
Rihanna;Te Amo;2009
Timbaland;Carry Out (Featuring Justin Timberlake);2009
DJ Fresh;Gold Dust - Radio Edit;2010
Edward Maya;Stereo Love - Radio Edit;2010
Taio Cruz;Break Your Heart;2010
Black Eyed Peas;Imma Be;2009
Sidney Samson;Riverside;2009
Eminem;Not Afraid;2010
Lady Gaga;Alejandro;2009
Rihanna;Rude Boy;2009
Ne-Yo;Beautiful Monster;2010
3OH!3;Starstrukk;2010
Black Eyed Peas;The Time (Dirty Bit);2010
Kelly Rowland;Commander;2011
Swedish House Mafia;One (Your Name) - Radio Edit;2010
Chris Brown;Deuces (feat. Tyga & Kevin McCall);2011
Usher;DJ Got Us Fallin' In Love (feat. Pitbull);2010
Iyaz;Replay;2009
Flo Rida;Club Can't Handle Me (feat. David Guetta);2010
Sean Kingston;Eenie Meenie;2010
Waka Flocka Flame;No Hands (feat. Roscoe Dash & Wale);2010
Tinie Tempah;Written in the Stars (feat. Eric Turner);2010
Bruno Mars;Talking to the Moon;2010
Miley Cyrus;Can't Be Tamed;2010
Mike Posner;Cooler Than Me - Single Mix;2010
Lady Gaga;Telephone;2009
Yolanda Be Cool;We No Speak Americano (JT Radio Edit);2010
Rihanna;Hard;2009
Tinie Tempah;Pass Out;2010
Adam Lambert;Whataya Want from Me;2009
Trey Songz;Bottoms Up (feat. Nicki Minaj);2010
Timbaland;If We Ever Meet Again (Featuring Katy Perry);2009
Enrique Iglesias;I Like It;2010
Tim Berg;Seek Bromance - Avicii’s Vocal Edit;2010
Usher;OMG (feat. will.i.am);2010
Maroon 5;Misery;2010
Jay Sean;Down;2009
Rihanna;Man Down;2010
3OH!3;My First Kiss (feat. Ke$ha);2010
Justin Bieber;Baby;2010
Cali Swag District;Teach Me How to Dougie;2011
Swedish House Mafia;Miami 2 Ibiza - Swedish House Mafia vs. Tinie Tempah;2010
K'NAAN;Wavin' Flag;2009
Ludacris;How Low;2010
Kesha;Blah Blah Blah (feat. 3OH!3);2010
DJ Khaled;All I Do Is Win (feat. T-Pain, Ludacris, Snoop Dogg & Rick Ross);2010
Jason Derulo;In My Head;2010
Aloe Blacc;I Need A Dollar;2010
B.o.B;Airplanes (feat. Hayley Williams of Paramore);2010
Ludacris;My Chick Bad;2010
Nelly;Just A Dream;2010
Rihanna;What's My Name?;2010
Shontelle;Impossible;2010
Take That;The Flood;2010
Trey Songz;Say Aah (feat. Fabolous);2009
Jason Derulo;Whatcha Say;2010
Drake;Over;2010
Example;Kickstarts;2010
Plan B;She Said;2010
The Saturdays;Higher;2010
Jay Sean;Do You Remember;2009
Usher;Hey Daddy (Daddy's Home);2010
Lil Wayne;Right Above It;2010
The Wanted;All Time Low;2010
Kesha;Your Love Is My Drug;2010
Ellie Goulding;Starry Eyed;2010
Drake;Find Your Love;2010
Jason Derulo;Ridin' Solo;2010
Two Door Cinema Club;What You Know;2010
JAY-Z;Young Forever;2009
Young Money;BedRock;2009
B.o.B;Nothin' on You (feat. Bruno Mars);2010
Katy Perry;Teenage Dream;2010
Scouting For Girls;This Ain't a Love Song;2017
Travie McCoy;Billionaire (feat. Bruno Mars);2010
Owl City;Fireflies;2009
Alicia Keys;Empire State of Mind (Part II) Broken Down;2009
Lady A;Need You Now;2010
Taylor Swift;Back To December;2010
Neon Trees;Animal;2010
Kris Allen;Live Like We're Dying;2009
Matt Cardle;When We Collide;2011
Robyn;Dancing On My Own;2010
The Band Perry;If I Die Young;2010
B.o.B;Magic (feat. Rivers Cuomo);2010
Adele;Rolling in the Deep;2011
Maroon 5;"Moves Like Jagger - Studio Recording From ""The Voice"" Performance";2010
LMFAO;Party Rock Anthem;2011
Katy Perry;Firework;2010
Bruno Mars;Grenade;2010
Pitbull;Hey Baby (Drop It to the Floor) (feat. T-Pain);2011
Alexandra Stan;Mr. Saxobeat;2011
David Guetta;Who's That Chick? (feat. Rihanna);2010
Jennifer Lopez;On The Floor;2011
Rihanna;S&M;2010
Kesha;Blow;2010
Snoop Dogg;Sweat - Remix;2011
Taio Cruz;Higher;2010
Usher;More - RedOne Jimmy Joker Remix;2010
Example;Changed the Way You Kiss Me - Radio Edit;2011
Black Eyed Peas;Just Can’t Get Enough;2010
David Guetta;Where Them Girls At (feat. Nicki Minaj & Flo Rida);2012
Lykke Li;I Follow Rivers - The Magician Remix;2011
Pitbull;Give Me Everything (feat. Ne-Yo, Afrojack & Nayer);2011
Selena Gomez & The Scene;Love You Like A Love Song;2011
Wiz Khalifa;Black and Yellow;2011
Katy Perry;E.T.;2012
Britney Spears;I Wanna Go;2011
Gym Class Heroes;Stereo Hearts (feat. Adam Levine);2011
Edward Maya;Stereo Love - Radio Edit;2010
Enrique Iglesias;Tonight (I'm Fuckin' You);2010
Jeremih;Down On Me;2010
Sak Noel;Loca People - Radio Edit;2011
Olly Murs;Heart Skips a Beat (feat. Rizzle Kicks);2011
LMFAO;Sexy And I Know It;2011
Cobra Starship;You Make Me Feel... (feat. Sabi);2011
Jessie J;Do It Like A Dude;2011
DJ Fresh;Louder (feat. Sian Evans) - Radio Edit;2012
Waka Flocka Flame;No Hands (feat. Roscoe Dash & Wale);2010
Nickelback;When We Stand Together;2011
M83;Midnight City;2011
Britney Spears;Till the World Ends;2011
Labrinth;Earthquake (feat. Tinie Tempah);2012
Jason Derulo;Don't Wanna Go Home;2011
Coldplay;Paradise;2011
Katy Perry;Last Friday Night (T.G.I.F.);2012
Adele;Set Fire to the Rain;2011
Dr. Dre;I Need A Doctor;2011
Lil Wayne;6 Foot 7 Foot;2011
DJ Khaled;I'm On One;2011
Chris Brown;Look At Me Now (feat. Lil' Wayne & Busta Rhymes);2011
Far East Movement;Rocketeer;2010
The Wanted;Glad You Came;2011
Kesha;We R Who We R;2010
Kelly Rowland;Motivation;2011
Rihanna;We Found Love;2011
Nicole Scherzinger;Don't Hold Your Breath;2011
Mann;Buzzin Remix;2011
Chris Brown;Yeah 3x;2011
Swedish House Mafia;Save The World;2011
Kanye West;All Of The Lights;2010
Miguel;Sure Thing;2010
Diddy - Dirty Money;Coming Home;2010
Rihanna;What's My Name?;2010
Chris Brown;Beautiful People;2019
Avril Lavigne;What the Hell;2011
Professor Green;Read All About It;2011
Chase & Status;Blind Faith;2011
Chip;Champion (feat. Chris Brown);2011
Selena Gomez & The Scene;Who Says;2011
Rizzle Kicks;Down With The Trumpets;2011
Lady Gaga;Born This Way;2011
Nicki Minaj;Super Bass;2010
Mac Miller;Donald Trump;2011
Calvin Harris;Bounce (feat. Kelis) - Radio Edit;2012
David Guetta;Without You (feat. Usher);2012
Foster The People;Pumped Up Kicks;2011
Drake;Headlines;2011
Jessie J;Price Tag;2011
Jason Aldean;Dirt Road Anthem;2010
Wiz Khalifa;Roll Up;2011
OneRepublic;Good Life;2009
Bad Meets Evil;Lighters;2011
Bruno Mars;The Lazy Song;2010
Lupe Fiasco;The Show Goes On;2011
James Morrison;I Won't Let You Go;2011
Jason Derulo;It Girl;2011
Adele;Someone Like You;2011
Red Hot Chili Peppers;The Adventures of Rain Dance Maggie;2011
Keri Hilson;Pretty Girl Rock;2010
P!nk;F**kin' Perfect;2010
Blake Shelton;Honey Bee;2011
Lady Gaga;The Edge Of Glory;2011
Lady A;Just A Kiss;2011
Hot Chelle Rae;Tonight Tonight;2011
Grouplove;Tongue Tied;2011
Coldplay;Every Teardrop Is a Waterfall;2011
Beyoncé;Best Thing I Never Had;2011
P!nk;Raise Your Glass;2010
Christina Perri;Jar of Hearts;2011
Bruno Mars;Marry You;2010
The Band Perry;If I Die Young;2010
Lil Wayne;How To Love;2011
Charlene Soraia;Wherever You Will Go;2011
Christina Perri;A Thousand Years;2011
Rihanna;We Found Love;2011
Carly Rae Jepsen;Call Me Maybe;2012
fun.;We Are Young (feat. Janelle Monáe);2012
Sean Paul;She Doesn't Mind;2012
Pitbull;International Love (feat. Chris Brown);2011
DEV;In The Dark;2012
Adele;Skyfall;2012
David Guetta;Turn Me On (feat. Nicki Minaj);2012
Rihanna;Where Have You Been;2011
JAY-Z;Ni**as In Paris;2011
Maroon 5;One More Night;2012
Skrillex;Bangarang (feat. Sirah);2011
The Wanted;Chasing The Sun;2012
Flo Rida;Whistle;2012
will.i.am;This Is Love;2013
David Guetta;She Wolf (Falling to Pieces) [feat. Sia];2012
Nicki Minaj;Pound The Alarm;2012
Kendrick Lamar;Swimming Pools (Drank) - Extended Version;2012
MARINA;Primadonna;2012
Kanye West;Mercy;2012
DJ Fresh;Hot Right Now (feat. RITA ORA) - Radio Edit;2012
LMFAO;Sexy And I Know It;2011
PSY;Gangnam Style (강남스타일);2012
Kesha;Die Young;2012
Usher;Scream;2012
Olly Murs;Troublemaker (feat. Flo Rida);2012
Linkin Park;BURN IT DOWN;2012
Bruno Mars;Locked out of Heaven;2012
Avicii;Levels - Radio Edit;2011
Flo Rida;Good Feeling;2012
Rihanna;Diamonds;2012
Wiz Khalifa;Work Hard, Play Hard;2012
Katy Perry;Part Of Me;2012
Nicki Minaj;Starships;2012
Kendrick Lamar;m.A.A.d city;2012
Asaf Avidan & the Mojos;One Day / Reckoning Song (Wankelmut Remix) [Radio Edit];2012
Florence + The Machine;Spectrum (Say My Name) - Calvin Harris Remix;2011
Azealia Banks;212;2014
Maroon 5;Payphone;2012
James Arthur;Impossible;2013
Michel Teló;Ai Se Eu Te Pego - Live;2012
Otto Knows;Million Voices - Radio Edit;2012
Icona Pop;I Love It;2012
Tyga;Rack City;2012
Calvin Harris;Feel So Close - Radio Edit;2012
Jennifer Lopez;Dance Again;2012
Grimes;Oblivion;2012
Adele;Rumour Has It;2011
Coldplay;Paradise;2011
Chris Brown;Turn Up the Music;2012
Frank Ocean;Lost;2012
Calvin Harris;Let's Go (feat. Ne-Yo);2012
The Script;Hall of Fame (feat. will.i.am);2012
Swedish House Mafia;Don't You Worry Child - Radio Edit;2012
MARINA;How to Be a Heartbreaker;2012
Justin Bieber;Boyfriend;2012
David Guetta;Titanium (feat. Sia);2012
Jessie J;Domino;2011
Taylor Swift;I Knew You Were Trouble.;2012
ScHoolboy Q;Hands on the Wheel (feat. Asap Rocky);2012
P!nk;Try;2012
Robbie Williams;Candy;2012
Snoop Dogg;Young, Wild & Free (feat. Bruno Mars);2011
Justin Bieber;As Long As You Love Me;2012
Rita Ora;R.I.P. (feat. Tinie Tempah);2012
Alex Clare;Too Close;2011
Tyga;Faded;2012
Alesso;Years - ラジオ・エディット;2012
Guy Sebastian;Battle Scars (feat. Lupe Fiasco);2012
Katy Perry;The One That Got Away;2012
Avicii;Silhouettes - Original Radio Edit;2012
Gotye;Somebody That I Used To Know;2011
Flo Rida;Wild Ones (feat. Sia);2012
One Direction;What Makes You Beautiful;2012
Lana Del Rey;Born To Die;2012
Kesha;C'Mon;2012
Owl City;Good Time;2012
Calvin Harris;We'll Be Coming Back (feat. Example);2012
Emeli Sandé;Read All About It, Pt. III;2012
Ellie Goulding;Lights - Single Version;2010
Train;Drive By;2012
Disclosure;Latch;2013
Coldplay;Princess of China;2011
One Direction;Live While We're Young;2012
Gym Class Heroes;Ass Back Home (feat. Neon Hitch);2011
Carrie Underwood;Blown Away;2012
alt-J;Breezeblocks;2012
Chris Brown;Don't Wake Me Up;2012
Kelly Clarkson;Stronger (What Doesn't Kill You);2011
Drake;The Motto;2011
Katy Perry;Wide Awake;2012
Rita Ora;How We Do (Party);2012
Rudimental;Feel the Love (feat. John Newman);2013
Lana Del Rey;Ride;2012
Ne-Yo;Let Me Love You (Until You Learn To Love Yourself);2012
Demi Lovato;Give Your Heart a Break;2011
Drake;Take Care;2011
Little Mix;Wings;2012
Bruno Mars;It Will Rain;2011
Cher Lloyd;Want U Back;2011
Lorde;Royals;2013
Robin Thicke;Blurred Lines;2013
Imagine Dragons;Radioactive;2012
Avicii;Wake Me Up;2013
Bruno Mars;Locked out of Heaven;2012
Macklemore & Ryan Lewis;Thrift Shop (feat. Wanz);2012
Daft Punk;Get Lucky (feat. Pharrell Williams & Nile Rodgers) - Radio Edit;2013
will.i.am;Scream & Shout;2013
Stromae;Papaoutai;2013
Bingo Players;Get Up (Rattle) - Vocal Edit;2013
Naughty Boy;La La La;2013
Tom Odell;Another Love;2013
2 Chainz;We Own It (Fast & Furious);2013
David Guetta;Play Hard (feat. Ne-Yo & Akon);2012
Pitbull;Feel This Moment (feat. Christina Aguilera);2012
will.i.am;#thatPOWER;2013
Lil Wayne;Love Me;2013
Macklemore & Ryan Lewis;Can't Hold Us (feat. Ray Dalton);2012
Martin Garrix;Animals - Radio Edit;2013
Jason Derulo;Talk Dirty (feat. 2 Chainz);2013
John Newman;Love Me Again;2013
Britney Spears;Work B**ch;2013
The Neighbourhood;Sweater Weather;2013
Sebastian Ingrosso;Reload - Radio Edit;2013
Capital Cities;Safe And Sound;2013
Demi Lovato;Heart Attack;2013
Arctic Monkeys;Why'd You Only Call Me When You're High?;2013
Justin Bieber;Beauty And A Beat;2012
Eminem;The Monster;2013
Pitbull;Don't Stop the Party (feat. TJR);2012
Selena Gomez;Come & Get It;2013
P!nk;True Love (feat. Lily Allen);2012
Disclosure;White Noise;2013
Flo Rida;I Cry;2012
Kanye West;Black Skinhead;2013
Lana Del Rey;Summertime Sadness (Lana Del Rey Vs. Cedric Gervais) - Cedric Gervais Remix;2013
Eminem;Berzerk;2013
Icona Pop;I Love It (feat. Charli XCX);2013
Fall Out Boy;My Songs Know What You Did In The Dark (Light Em Up);2013
Lorde;Team;2013
Avicii;I Could Be The One (Avicii Vs. Nicky Romero) - Radio Edit;2012
Imagine Dragons;Demons;2012
One Direction;One Way or Another (Teenage Kicks);2013
Taylor Swift;I Knew You Were Trouble.;2012
Arctic Monkeys;Do I Wanna Know?;2013
Rudimental;Waiting All Night (feat. Ella Eyre);2013
Klangkarussell;Sonnentanz - Sun Don't Shine;2014
Calvin Harris;Drinking from the Bottle (feat. Tinie Tempah);2012
A$AP Rocky;F**kin' Problems (feat. Drake, 2 Chainz & Kendrick Lamar);2013
P!nk;Try;2012
Ylvis;The Fox (What Does the Fox Say?);2013
Ellie Goulding;Burn;2014
Baauer;Harlem Shake;2013
Calvin Harris;I Need Your Love (feat. Ellie Goulding);2012
Katy Perry;This Is How We Do;2013
AWOLNATION;Sail;2011
Duke Dumont;Need U (100%) [feat. A*M*E] - Radio Edit;2013
Jason Derulo;The Other Side;2013
Storm Queen;Look Right Through - MK Vocal Edit;2014
Calvin Harris;Sweet Nothing (feat. Florence Welch);2012
Katy Perry;Unconditionally;2013
Wale;Bad (feat. Rihanna) - Remix;2013
Ciara;Body Party;2013
Drake;Started From the Bottom;2013
Birdy;Wings;2013
Bastille;Of The Night;2013
Olly Murs;Dear Darlin';2012
Katy Perry;Roar;2013
Blake Shelton;Sure Be Cool If You Did;2013
Calvin Harris;Thinking About You (feat. Ayah Marar);2012
JAY-Z;Holy Grail;2013
Bridgit Mendler;Ready or Not;2012
The Saturdays;What About Us;2013
Bastille;Pompeii;2013
One Direction;Best Song Ever;2013
Nelly;Hey Porsche;2013
Zedd;Clarity;2012
Miley Cyrus;Wrecking Ball;2013
Chris Brown;Fine China;2013
Daft Punk;Lose Yourself to Dance (feat. Pharrell Williams);2013
Armin van Buuren;This Is What It Feels Like;2013
Justin Timberlake;Mirrors;2013
Bruno Mars;Treasure;2012
Of Monsters and Men;Little Talks;2012
Miley Cyrus;We Can't Stop;2013
J. Cole;Power Trip (feat. Miguel);2013
Paramore;Still into You;2013
Christina Perri;human;2013
Drake;Hold On, We're Going Home;2013
James Blunt;Bonfire Heart;2013
Maroon 5;Daylight;2012
Childish Gambino;3005;2013
Avril Lavigne;Here's to Never Growing Up;2013
Taylor Swift;22;2012
Passenger;Let Her Go;2012
Ariana Grande;The Way;2013
Rihanna;Stay;2012
Justin Timberlake;Suit & Tie (feat. Jay-Z);2013
Bruno Mars;When I Was Your Man;2012
Florida Georgia Line;Cruise;2012
Pharrell Williams;"Happy - From ""Despicable Me 2""";2014
Katy Perry;Dark Horse;2013
ScHoolboy Q;Collard Greens;2014
Iggy Azalea;Fancy;2014
Maroon 5;Animals;2014
Sam Smith;Stay With Me;2014
MAGIC!;Rude;2014
Sia;Chandelier;2014
John Legend;All of Me;2013
ZHU;Faded;2014
Meghan Trainor;All About That Bass;2015
David Guetta;Lovers on the Sun (feat. Sam Martin);2014
Iggy Azalea;Black Widow;2014
Tove Lo;Habits (Stay High);2014
Oliver Heldens;Gecko (Overdrive) - Radio Edit;2014
DJ Snake;You Know You Like It;2014
Jason Derulo;Talk Dirty (feat. 2 Chainz);2013
Maroon 5;Maps;2014
David Guetta;Bad (feat. Vassy) - Radio Edit;2014
Tinashe;2 On (feat. ScHoolboy Q);2014
Route 94;My Love (feat. Jess Glynne);2014
Taylor Swift;Bad Blood;2014
Trey Songz;Na Na;2015
Calvin Harris;Under Control (feat. Hurts);2014
O.T. Genasis;CoCo;2014
Jason Derulo;Wiggle (feat. Snoop Dogg);2013
Lilly Wood and The Prick;Prayer in C - Robin Schulz Radio Edit;2014
Jeremih;Don't Tell 'Em;2015
Nicki Minaj;Anaconda;2014
Calvin Harris;Blame (feat. John Newman);2014
DJ Snake;Turn Down for What;2013
Pitbull;Timber (feat. Ke$ha);2012
OneRepublic;Counting Stars;2014
Bobby Shmurda;Hot N*gga;2014
Calvin Harris;Summer;2014
ScHoolboy Q;Man Of The Year;2014
Nico & Vinz;Am I Wrong;2014
Becky G;Shower;2014
Sigma;Nobody To Love - Radio Edit;2014
The Chainsmokers;#SELFIE - Original Mix;2014
Lorde;Team;2013
Rixton;Me And My Broken Heart;2014
Klingande;Jubel - Radio Edit;2013
Mr. Probz;Waves - Robin Schulz Radio Edit;2014
Paloma Faith;Only Love Can Hurt Like This;2014
Kiesza;Hideaway;2014
Ellie Goulding;Burn;2014
Ariana Grande;Break Free;2014
Kid Ink;Show Me (feat. Chris Brown);2014
Tove Lo;Talking Body;2014
Chris Brown;Loyal (feat. Lil Wayne & Tyga);2014
OneRepublic;Love Runs Out;2014
Olly Murs;Up (feat. Demi Lovato);2014
Peking Duk;High (feat. Nicole Millar);2014
Milky Chance;Stolen Dance;2014
Ed Sheeran;Don't;2014
Ariana Grande;Love Me Harder;2014
Enrique Iglesias;Bailando - Spanish Version;2014
Avicii;Hey Brother;2013
Jessie J;Bang Bang;2014
Duke Dumont;I Got U;2014
Gorgon City;Ready For Your Love;2014
Taylor Swift;Style;2014
MKTO;Classic;2012
Disclosure;Latch;2013
Ariana Grande;Problem;2014
Charli XCX;Boom Clap;2014
One Direction;Steal My Girl;2014
Tiësto;Red Lights;2013
Selena Gomez;The Heart Wants What It Wants;2014
Rita Ora;I Will Never Let You Down;2014
5 Seconds of Summer;She Looks So Perfect;2014
The Script;Superheroes;2014
Taylor Swift;Shake It Off;2014
One Direction;Night Changes;2014
Ed Sheeran;Sing;2014
Alesso;Heroes (we could be);2014
Tiësto;Wasted;2014
G.R.L.;Ugly Heart;2014
Coldplay;A Sky Full of Stars;2014
Clean Bandit;Rather Be (feat. Jess Glynne);2014
Zedd;Stay The Night - Featuring Hayley Williams Of Paramore;2014
Sia;Elastic Heart;2014
One Direction;Story of My Life;2013
Alex & Sierra;Little Do You Know;2014
Omarion;Post to Be (feat. Chris Brown & Jhene Aiko);2014
Echosmith;Cool Kids;2013
Natalie La Rose;Somebody;2014
Vance Joy;Riptide;2014
Beyoncé;Drunk in Love (feat. Jay-Z);2014
Maroon 5;Sugar;2014
Ella Henderson;Ghost;2014
Ed Sheeran;"I See Fire - From ""The Hobbit - The Desolation Of Smaug""";2013
Chris Brown;New Flame (feat. Usher & Rick Ross);2014
Sheppard;Geronimo;2014
Olly Murs;Wrapped Up (feat. Travie McCoy);2014
Sam Smith;Money On My Mind;2014
Jason Derulo;Trumpets;2013
Nicki Minaj;Bed Of Lies;2014
Nick Jonas;Jealous - Remix;2014
Mark Ronson;Uptown Funk (feat. Bruno Mars);2015
Ed Sheeran;Thinking out Loud;2014
Wiz Khalifa;See You Again (feat. Charlie Puth);2015
Justin Bieber;What Do You Mean?;2015
Major Lazer;Lean On (feat. MØ & DJ Snake);2015
The Weeknd;"Earned It (Fifty Shades Of Grey) - From The ""Fifty Shades Of Grey"" Soundtrack";2014
Ellie Goulding;"Love Me Like You Do - From ""Fifty Shades Of Grey""";2015
Calvin Harris;Outside (feat. Ellie Goulding);2014
David Guetta;Hey Mama (feat. Nicki Minaj, Bebe Rexha & Afrojack);2014
Demi Lovato;Cool for the Summer;2015
Taylor Swift;Blank Space;2014
The Weeknd;The Hills;2015
The Neighbourhood;Daddy Issues;2015
Deorro;Five More Hours;2015
Avicii;The Nights;2014
DJ Snake;You Know You Like It;2014
Adam Lambert;Ghost Town;2015
Rae Sremmurd;No Type;2015
Taylor Swift;Bad Blood;2015
Flo Rida;GDFR (feat. Sage the Gemini & Lookas);2015
Robin Schulz;Sugar (feat. Francesco Yates);2015
Calvin Harris;How Deep Is Your Love;2015
Philip George;Wish You Were Mine - Radio Edit;2014
Trey Songz;Na Na;2015
Fall Out Boy;Centuries;2015
Rob $tone;Chill Bill (feat. J. Davi$ & Spooks);2016
Lost Frequencies;Are You With Me - Radio Edit;2014
Twenty One Pilots;Stressed Out;2015
Fifth Harmony;Worth It (feat. Kid Ink);2015
KALEO;Way down We Go;2015
Sam Smith;Like I Can;2014
Major Lazer;Light It Up (feat. Nyla & Fuse ODG) - Remix;2015
Martin Solveig;Intoxicated - New Radio Mix;2015
Avicii;Waiting For Love;2015
Felix Jaehn;Ain't Nobody (Loves Me Better) (feat. Jasmine Thompson);2018
Taylor Swift;Wildest Dreams;2014
The Weeknd;In The Night;2015
Pitbull;Time of Our Lives;2014
Galantis;Runaway (U & I);2015
Rihanna;Bitch Better Have My Money;2015
Zara Larsson;Lush Life;2015
One Direction;Drag Me Down;2015
Travis Scott;Antidote;2015
Years & Years;King;2015
Demi Lovato;Confident;2015
Lemaitre;Closer;2017
Selena Gomez;Same Old Love;2015
Pia Mia;Do It Again;2015
Flo Rida;My House;2015
Silentó;Watch Me (Whip / Nae Nae);2015
Chris Brown;Ayo;2015
The Strumbellas;Spirits;2016
Fetty Wap;Trap Queen;2015
Tove Lo;Talking Body;2014
Beyoncé;7-Nov;2014
Lana Del Rey;High By The Beach;2015
Zara Larsson;Never Forget You;2017
Jeremih;oui;2015
Drake;Hotline Bling;2016
Selena Gomez;Kill Em With Kindness;2015
Birdy;Let It All Go;2015
Fetty Wap;679 (feat. Remy Boyz);2015
Ariana Grande;Love Me Harder;2014
The Weeknd;Can't Feel My Face;2015
SAYGRACE;You Don't Own Me (feat. G-Eazy);2015
X Ambassadors;Renegades;2015
R. City;Locked Away (feat. Adam Levine);2015
Kygo;Stole the Show;2016
Tame Impala;The Less I Know The Better;2015
Selena Gomez;Good For You;2015
Fetty Wap;My Way (feat. Monty);2015
Hozier;Take Me To Church;2014
Taylor Swift;Style;2014
Alessia Cara;Here;2015
Sam Smith;"Writing's On The Wall - From ""Spectre"" Soundtrack";2015
David Guetta;Bang My Head (feat. Sia & Fetty Wap);2015
Meek Mill;All Eyes on You (feat. Chris Brown & Nicki Minaj);2015
Big Sean;I Don't Fuck With You;2015
Kygo;Firestone;2016
Drake;Jumpman;2015
Petit Biscuit;Sunset Lover;2015
Shawn Mendes;Stitches;2015
Flo Rida;I Don't Like It, I Love It (feat. Robin Thicke & Verdine White);2015
Selena Gomez;The Heart Wants What It Wants;2014
Jack Ü;Where Are Ü Now (with Justin Bieber);2015
Ellie Goulding;On My Mind;2015
Bryson Tiller;Don't;2015
Rich Homie Quan;Flex (Ooh, Ooh, Ooh);2015
Joel Adams;Please Don't Go;2015
Zedd;I Want You To Know;2015
Jonas Blue;Fast Car;2015
BØRNS;Electric Love;2015
Sigala;Easy Love;2018
Justin Bieber;Sorry;2015
Ariana Grande;One Last Time;2014
Little Mix;Black Magic;2015
One Direction;Perfect;2015
Years & Years;Shine;2015
Meghan Trainor;Lips Are Movin;2015
Nicky Jam;El Perdón - Forgiveness;2017
The Weeknd;Starboy;2016
Drake;One Dance;2016
Justin Bieber;Love Yourself;2015
The Chainsmokers;Closer;2016
Adele;Hello;2015
Desiigner;Panda;2016
Burak Yeter;Tuesday (feat. Danelle Sandoval);2016
Sia;Cheap Thrills (feat. Sean Paul);2016
OneRepublic;Wherever I Go;2016
Rihanna;Work;2016
Coldplay;Hymn for the Weekend;2015
Justin Bieber;Sorry;2015
Justin Timberlake;"CAN'T STOP THE FEELING! (from DreamWorks Animation's ""TROLLS"")";2016
WILLOW;Wait a Minute!;2015
Desiigner;Tiimmy Turner;2016
G-Eazy;Me, Myself & I;2015
David Guetta;This One's for You (feat. Zara Larsson) (Official Song UEFA EURO 2016);2016
Astrid S;Hurts So Good;2016
Lil Wayne;Sucker for Pain (with Wiz Khalifa, Imagine Dragons, Logic & Ty Dolla $ign feat. X Ambassadors);2016
Twenty One Pilots;Heathens;2016
Future;Low Life (feat. The Weeknd);2016
Galantis;No Money;2016
The Chainsmokers;Don't Let Me Down;2016
Tinie Tempah;Girls Like (feat. Zara Larsson);2016
Alok;Hear Me Now;2016
Jon Bellion;All Time Low;2016
Cheat Codes;Sex;2016
Meghan Trainor;NO;2017
Dua Lipa;Hotter Than Hell;2017
Martin Garrix;In the Name of Love;2016
Alan Walker;Faded;2018
Tove Lo;Cool Girl;2016
DJ Snake;Let Me Love You;2016
Calvin Harris;This Is What You Came For (feat. Rihanna);2016
Mike Posner;I Took A Pill In Ibiza - Seeb Remix;2016
Kevin Gates;2 Phones;2016
Rihanna;Needed Me;2016
Ariana Grande;Side To Side;2016
Marshmello;Alone;2016
Shawn Mendes;I Know What You Did Last Summer;2015
Selena Gomez;Same Old Love;2015
Calvin Harris;My Way;2016
Fitz and The Tantrums;HandClap;2016
Twenty One Pilots;Ride;2015
Flo Rida;My House;2015
Ariana Grande;Dangerous Woman;2016
Anne-Marie;Alarm;2016
Charlie Puth;We Don't Talk Anymore (feat. Selena Gomez);2016
AlunaGeorge;I'm In Control;2016
Enrique Iglesias;DUELE EL CORAZON (feat. Wisin);2016
MNEK;Never Forget You;2015
Mike Perry;The Ocean (feat. Shy Martin);2016
Drake;Hotline Bling;2016
Ariana Grande;Into You;2016
Shawn Mendes;Treat You Better;2017
Tory Lanez;Say It;2016
Coldplay;Adventure of a Lifetime;2015
Kungs;This Girl - Kungs Vs. Cookin' On 3 Burners;2016
SAYGRACE;You Don't Own Me (feat. G-Eazy);2016
X Ambassadors;Renegades;2015
DNCE;Cake By The Ocean;2016
99 Souls;The Girl Is Mine;2016
Illy;Papercuts (feat. Vera Blue);2016
Kiiara;Gold;2015
Kygo;Stole the Show;2016
Fifth Harmony;Work from Home (feat. Ty Dolla $ign);2016
Drake;Pop Style;2016
ZAYN;PILLOWTALK;2016
Alessia Cara;Here;2016
DJ Snake;Middle;2016
Sigala;Sweet Lovin' - Radio Edit;2015
Drake;Jumpman;2015
Charlie Puth;Dangerously;2016
Nick Jonas;Close;2016
Jonas Blue;Perfect Strangers;2016
Major Lazer;Cold Water (feat. Justin Bieber & MØ);2016
The Chainsmokers;Roses;2015
Tory Lanez;LUV;2016
P!nk;"Just Like Fire (From the Original Motion Picture ""Alice Through The Looking Glass"")";2016
Bryson Tiller;Don't;2015
Steve Aoki;Just Hold On;2016
Clean Bandit;Tears (feat. Louisa Johnson);2016
Jonas Blue;Fast Car;2015
Flume;Never Be Like You;2016
Bastille;Good Grief;2016
Sia;The Greatest (feat. Kendrick Lamar);2016
PARTYNEXTDOOR;Not Nice;2016
Garrett Nash;i hate u, i love u (feat. olivia o'brien);2016
Hilltop Hoods;1955;2016
Fifth Harmony;All In My Head (Flex) (feat. Fetty Wap);2016
Daya;Sit Still, Look Pretty;2016
Kent Jones;Don't Mind;2016
Flume;Say It;2016
Bryson Tiller;Exchange;2015
MØ;Final Song;2016
Beyoncé;Sorry;2016
Little Mix;Shout Out to My Ex;2017
The Lumineers;Ophelia;2016
Frank Ocean;Pink + White;2016
Drake;Too Good;2016
Ed Sheeran;Shape of You;2017
Sean Paul;No Lie;2018
Luis Fonsi;Despacito (Featuring Daddy Yankee);2017
Sam Smith;Too Good At Goodbyes;2017
Clean Bandit;Rockabye (feat. Sean Paul & Anne-Marie);2016
Camila Cabello;Havana (feat. Young Thug);2017
Imagine Dragons;Thunder;2017
Maroon 5;Don't Wanna Know (feat. Kendrick Lamar);2018
The Chainsmokers;Something Just Like This;2017
Ed Sheeran;Perfect;2017
MGMT;Little Dark Age;2018
Travis Scott;goosebumps;2016
Billie Eilish;Bored;2017
Future;Mask Off;2017
G-Eazy;Him & I;2017
Maroon 5;Cold (feat. Future);2017
Rae Sremmurd;Swang;2016
Lil Peep;Save That Shit;2017
A$AP Ferg;Plain Jane;2017
French Montana;Unforgettable;2017
21 Savage;Bank Account;2017
Axwell /\ Ingrosso;More Than You Know;2017
ZAYN;Dusk Till Dawn (feat. Sia) - Radio Edit;2017
J Balvin;Mi Gente;2017
Jax Jones;You Don't Know Me - Radio Edit;2016
Rae Sremmurd;Black Beatles;2016
Zara Larsson;Ain't My Fault;2017
Travis Scott;BUTTERFLY EFFECT;2017
Ayo & Teo;Rolex;2017
Lil Uzi Vert;XO Tour Llif3;2017
Imagine Dragons;Whatever It Takes;2017
Rob $tone;Chill Bill (feat. J. Davi$ & Spooks);2016
Jason Derulo;Swalla (feat. Nicki Minaj & Ty Dolla $ign);2017
G-Eazy;No Limit;2017
Playboi Carti;Magnolia;2017
Chord Overstreet;Hold On;2017
Jax Jones;Breathe;2017
Imagine Dragons;Believer;2017
Natti Natasha;Criminal;2017
Kendrick Lamar;HUMBLE.;2017
Selena Gomez;Fetish (feat. Gucci Mane);2017
Charlie Puth;Attention;2017
Big Shaq;Man's Not Hot;2017
Anne-Marie;Ciao Adios;2017
Rag'n'Bone Man;Human;2017
blackbear;do re mi;2017
Lil Pump;Gucci Gang;2017
Taylor Swift;Look What You Made Me Do;2017
Enrique Iglesias;SUBEME LA RADIO (feat. Descemer Bueno & Zion & Lennox);2017
Kodak Black;Tunnel Vision;2017
Kendrick Lamar;DNA.;2017
A Boogie Wit da Hoodie;Drowning (feat. Kodak Black);2017
XXXTENTACION;Jocelyn Flores;2017
Migos;Bad and Boujee (feat. Lil Uzi Vert);2017
Yo Gotti;Rake It Up (feat. Nicki Minaj);2017
Martin Garrix;Scared to Be Lonely;2017
Jonas Blue;Mama;2017
Martin Jensen;Solo Dance;2016
Taylor Swift;...Ready For It?;2017
David Guetta;2U (feat. Justin Bieber);2017
Migos;Slippery (feat. Gucci Mane);2017
Shawn Mendes;There's Nothing Holdin' Me Back;2017
G-Eazy;Good Life (with G-Eazy & Kehlani);2017
The Vamps;All Night;2017
Dua Lipa;New Rules;2017
Cardi B;Bodak Yellow;2017
Rag'n'Bone Man;Skin;2017
Zara Larsson;I Would Like;2017
DJ Khaled;Wild Thoughts (feat. Rihanna & Bryson Tiller);2017
Post Malone;Congratulations;2016
Avicii;Without You (feat. Sandro Cavazza);2017
Clean Bandit;Symphony (feat. Zara Larsson);2017
Katy Perry;Chained To The Rhythm;2017
Zay Hilfigerrr;Juju on That Beat (TZ Anthem);2016
Calvin Harris;Feels (feat. Pharrell Williams, Katy Perry & Big Sean);2017
Migos;T-Shirt;2017
OneRepublic;Rich Love (with Seeb);2017
Maggie Lindemann;Pretty Girl - Cheat Codes X CADE Remix;2017
Macklemore;Glorious (feat. Skylar Grey);2017
Hayden James;NUMB;2019
Liam Payne;Strip That Down;2017
Drake;Passionfruit;2017
Justin Bieber;Friends (with BloodPop®);2017
ZAYN;"I Don’t Wanna Live Forever (Fifty Shades Darker) - From ""Fifty Shades Darker (Original Motion Picture Soundtrack)""";2016
Alessia Cara;Scars To Your Beautiful;2016
2 Chainz;It's A Vibe;2017
Starley;Call on Me - Ryan Riback Remix;2016
AJR;Weak;2017
Lana Del Rey;Lust for Life (with The Weeknd);2017
CNCO;Reggaetón Lento (Remix);2017
The Vamps;Middle Of The Night;2017
The Weeknd;I Feel It Coming;2016
The Chainsmokers;Paris;2017
Big Sean;Bounce Back;2017
Shawn Mendes;Mercy;2017
Avicii;Lonely Together (feat. Rita Ora);2017
Cheat Codes;No Promises (feat. Demi Lovato);2017
Bruno Mars;24K Magic;2016
Lorde;Homemade Dynamite - REMIX;2017
Kygo;It Ain't Me (with Selena Gomez);2017
Drake;God's Plan;2018
Post Malone;rockstar (feat. 21 Savage);2018
Offset;Ric Flair Drip (with Metro Boomin);2017
G-Eazy;Him & I (with Halsey);2017
Dynoro;In My Mind;2018
Juice WRLD;Lucid Dreams;2018
Zedd;The Middle;2018
Marshmello;FRIENDS;2018
Cardi B;I Like It;2018
XXXTENTACION;Moonlight;2018
Ariana Grande;no tears left to cry;2018
Sheck Wes;Mo Bamba;2018
Calvin Harris;One Kiss (with Dua Lipa);2018
Tyga;Taste (feat. Offset);2018
Travis Scott;SICKO MODE;2018
Imagine Dragons;Natural;2018
DJ Snake;Taki Taki (with Selena Gomez, Ozuna & Cardi B);2018
Marshmello;Spotlight;2018
The Weeknd;Pray For Me (with Kendrick Lamar);2018
Billie Eilish;lovely (with Khalid);2018
Migos;Walk It Talk It;2018
Clean Bandit;Solo (feat. Demi Lovato);2018
Drake;Nonstop;2018
6ix9ine;FEFE;2018
The Weeknd;Call Out My Name;2018
Nio Garcia;Te Boté - Remix;2018
Migos;MotorSport;2018
Nicky Jam;X;2019
XXXTENTACION;SAD!;2018
Becky G;Sin Pijama;2018
Machine Gun Kelly;Home (with Machine Gun Kelly, X Ambassadors & Bebe Rexha);2017
6ix9ine;GUMMO;2018
Jax Jones;Breathe;2017
The Chainsmokers;Sick Boy;2018
Jay Rock;King's Dead (with Kendrick Lamar, Future & James Blake);2018
Rich The Kid;Plug Walk;2018
Kendrick Lamar;All The Stars (with SZA);2018
Logic;Everyday;2018
Jason Derulo;Tip Toe (feat. French Montana);2017
Ariana Grande;God is a woman;2018
Rae Sremmurd;Powerglide (feat. Juicy J) - From SR3MM;2018
EO;German;2018
Dennis Lloyd;Nevermind;2017
girl in red;we fell in love in october;2018
Selena Gomez;Wolves;2017
Tiësto;Jackie Chan;2018
Tom Walker;Leave a Light On;2017
Sofía Reyes;1, 2, 3 (feat. Jason Derulo & De La Ghetto);2018
Marshmello;Silence;2017
5 Seconds of Summer;Youngblood;2018
Loud Luxury;Body (feat. brando);2017
Liam Payne;For You (Fifty Shades Freed) (& Rita Ora);2018
NF;Let You Down;2017
XXXTENTACION;changes;2018
Maluma;Corazón (feat. Nego do Borel);2018
Cardi B;Bodak Yellow;2018
Lil Baby;Yes Indeed;2018
Jonas Blue;Rise;2018
David Guetta;Flames;2018
Ozuna;Vaina Loca;2018
Charlie Puth;How Long;2018
Post Malone;Better Now;2018
BlocBoy JB;Look Alive (feat. Drake);2018
Eminem;River (feat. Ed Sheeran);2017
Marshmello;Happier;2018
Dean Lewis;Be Alright;2018
Charlie Puth;Done for Me (feat. Kehlani);2018
Migos;Stir Fry;2018
YG;BIG BANK (feat. 2 Chainz, Big Sean, Nicki Minaj);2018
Drake;In My Feelings;2018
B Young;Jumanji;2018
Charlie Puth;The Way I Am;2018
Reik;Me Niego (feat. Ozuna & Wisin);2018
benny blanco;Eastside (with Halsey & Khalid);2018
Luis Fonsi;Échame La Culpa;2017
MK;17;2017
Rita Ora;Anywhere;2017
Banx & Ranx;Answerphone (feat. Yxng Bane);2018
Ella Mai;Trip;2018
Daddy Yankee;Dura;2018
DJ Khaled;No Brainer;2018
Anne-Marie;2002;2018
FINNEAS;Let's Fall in Love for the Night;2018
Hugh Jackman;The Greatest Show;2017
Halsey;Bad At Love;2017
Drake;I'm Upset;2018
Camila Cabello;Never Be the Same;2018
M.O;Bad Vibe;2018
Dua Lipa;IDGAF;2017
Cashmere Cat;Miss You (with Major Lazer & Tory Lanez);2018
Bazzi;Mine;2018
Lil Dicky;Freaky Friday (feat. Chris Brown);2018
Lauv;I Like Me Better;2018
The Chainsmokers;This Feeling;2018
Maroon 5;Girls Like You (feat. Cardi B) - Cardi B Version;2018
Khalid;Love Lies (with Normani);2018
Drake;Nice For What;2018
Kendrick Lamar;LOVE. FEAT. ZACARI.;2017
Post Malone;Psycho (feat. Ty Dolla $ign);2018
Lil Nas X;Old Town Road - Remix;2019
Billie Eilish;bad guy;2019
Shawn Mendes;Señorita;2019
Ariana Grande;7 rings;2019
Post Malone;Sunflower - Spider-Man: Into the Spider-Verse;2019
Gesaffelstein;Lost in the Fire (feat. The Weeknd);2019
Halsey;Without Me;2018
Regard;Ride It;2019
Lady Gaga;Shallow;2018
Mark Ronson;Nothing Breaks Like a Heart (feat. Miley Cyrus);2018
Lewis Capaldi;Someone You Loved;2019
Jax Jones;All Day And Night;2019
Mustard;Pure Water (with Migos);2019
NLE Choppa;Shotta Flow (feat. Blueface) [Remix];2019
Kodak Black;ZEZE (feat. Travis Scott & Offset);2018
Daddy Yankee;Con Calma;2019
Alec Benjamin;Let Me Down Slowly;2018
BLACKPINK;Kill This Love;2019
Offset;Clout (feat. Cardi B);2019
MEDUZA;Piece Of Your Heart;2019
Ed Sheeran;Antisocial (with Travis Scott);2019
Travis Scott;SICKO MODE;2018
Mabel;Mad Love;2019
Lana Del Rey;Doin' Time;2019
DJ Snake;Taki Taki (feat. Selena Gomez, Ozuna & Cardi B);2019
A Boogie Wit da Hoodie;Look Back at It;2018
Saweetie;My Type;2019
Lil Tecca;Ransom;2019
Russ Millions;Keisha & Becky - Remix;2019
Billie Eilish;lovely (with Khalid);2018
Mabel;Don't Call Me Up;2019
Lil Nas X;Old Town Road;2019
Meek Mill;Going Bad (feat. Drake);2018
Post Malone;Wow.;2019
Doja Cat;Juicy;2019
A Boogie Wit da Hoodie;Swervin (feat. 6ix9ine);2018
iann dior;emotions;2019
Paulo Londra;Adan y Eva;2019
Drake;Money In The Grave (Drake ft. Rick Ross);2019
Lil Nas X;Panini;2019
Bad Bunny;MIA (feat. Drake);2018
Polo G;Pop Out (feat. Lil Tjay);2019
Juice WRLD;Robbery;2019
21 Savage;a lot;2018
Young Thug;The London (feat. J. Cole & Travis Scott);2019
Anuel AA;China;2019
Camila Cabello;Liar;2019
Flipp Dinero;Leave Me Alone;2019
Cardi B;Money;2018
Ariana Grande;break up with your girlfriend, i'm bored;2019
Dave;Location (feat. Burna Boy);2019
Ava Max;Sweet but Psycho;2018
Dua Lipa;Don't Start Now;2019
Young T & Bugsey;Strike a Pose (feat. Aitch);2019
Calvin Harris;Giant (with Rag'n'Bone Man);2019
Ed Sheeran;Take Me Back to London (feat. Stormzy);2019
Cardi B;Please Me;2019
Stormzy;Vossi Bop;2019
Tones And I;Dance Monkey;2019
Ariana Grande;boyfriend (with Social House);2019
Bad Bunny;Callaita;2019
Ava Max;So Am I;2019
Pedro Capó;Calma - Remix;2018
J. Cole;MIDDLE CHILD;2019
Lunay;Soltera - Remix;2019
Khalid;Better;2018
Blueface;Thotiana;2018
DaBaby;Suge;2019
AJ Tracey;Ladbroke Grove;2019
Billie Eilish;bury a friend;2019
BTS;Boy With Luv (feat. Halsey);2019
Wiley;Boasty (feat. Idris Elba);2019
Jonas Brothers;Only Human;2019
5 Seconds of Summer;Easier;2019
Avicii;SOS (feat. Aloe Blacc);2019
Ashley O;On A Roll;2019
Dominic Fike;3 Nights;2018
Sigala;Wish You Well;2019
Megan Thee Stallion;Hot Girl Summer (feat. Nicki Minaj & Ty Dolla $ign);2019
Anuel AA;Secreto;2019
Sam Feldt;Post Malone (feat. RANI);2019
Kehlani;Nights Like This (feat. Ty Dolla $ign);2019
Sech;Otro Trago;2019
Post Malone;Better Now;2018
Ed Sheeran;Cross Me (feat. Chance the Rapper & PnB Rock);2019
Lauv;i'm so tired...;2019
iann dior;gone girl;2019
Panic! At The Disco;High Hopes;2018
Marshmello;One Thing Right;2019
Sam Smith;How Do You Sleep?;2019
NSG;Options;2020
Normani;Motivation;2019
Joel Corry;Sorry;2019
Post Malone;Goodbyes (Feat. Young Thug);2019
Jonas Brothers;Sucker;2019
Taylor Swift;Cruel Summer;2019
Blanco Brown;The Git Up;2019
Sam Smith;Dancing With A Stranger (with Normani);2019
Post Malone;Circles;2019