artist;song;duration_ms
Britney Spears;Oops!...I Did It Again;211160
blink-182;All The Small Things;167066
Faith Hill;Breathe;250546
Bon Jovi;It's My Life;224493
*NSYNC;Bye Bye Bye;200560
Sisqo;Thong Song;253733
Eminem;The Real Slim Shady;284200
Robbie Williams;Rock DJ;258560
Destiny's Child;Say My Name;271333
Modjo;Lady - Hear Me Tonight;307153
Gigi D'Agostino;L'Amour Toujours;238759
Eiffel 65;Move Your Body - Gabry Ponte Original Radio Edit;268863
Bomfunk MC's;Freestyler;306333
Sting;Desert Rose;285960
Melanie C;Never Be The Same Again;294200
Aaliyah;Try Again;284000
Anastacia;I'm Outta Love - Radio Edit;245400
Alice Deejay;Better Off Alone;214883
Gigi D'Agostino;The Riddle;285426
Dr. Dre;The Next Episode;161506
Linkin Park;In the End;216880
Tom Jones;Sexbomb;211893
Sonique;It Feels So Good;240866
M.O.P.;Cold as Ice;244466
Melanie C;I Turn To You;352173
Limp Bizkit;Take A Look Around;321040
Darude;Sandstorm;225493
Da Brat;What'chu Like (feat. Tyrese);221160
Moloko;The Time Is Now;318280
Chicane;Don't Give Up;210786
DMX;Party Up;268866
Debelah Morgan;Dance with Me;220106
Madonna;Music;225973
Ruff Endz;No More;242560
Britney Spears;Born to Make You Happy;243533
Montell Jordan;Get It On Tonite;276266
Kylie Minogue;Spinning Around;207866
JAY-Z;Big Pimpin';283066
LeAnn Rimes;I Need You;229826
Avant;Separated;255600
Enrique Iglesias;Be With You;219360
Toni Braxton;He Wasn't Man Enough;261933
Bow Wow;Bounce With Me (feat. Xscape) - Edited Album Version;175893
Dr. Dre;Forgot About Dre;222293
Missy Elliott;Hot Boyz;215466
Backstreet Boys;Show Me the Meaning of Being Lonely;234960
Samantha Mumba;Gotta Tell You;201946
Mýa;Case Of The Ex (Whatcha Gonna Do);236906
Mary Mary;Shackles (Praise You);198346
Next;Wifey;243666
Janet Jackson;Doesn't Really Matter;265026
Ricky Martin;She Bangs - English Version;280626
Jagged Edge;He Can't Love U;244053
Sisqo;Incomplete;274226
JAY-Z;I Just Wanna Love U (Give It 2 Me);227866
Mariah Carey;Thank God I Found You (feat. Joe & 98°);257360
Baha Men;Who Let The Dogs Out;198400
Donell Jones;"U Know What's Up (feat. Lisa ""Left Eye"" Lopes)";243733
LeAnn Rimes;Can't Fight The Moonlight;215506
Oasis;Go Let It Out;278666
DJ Ötzi;Hey Baby (Radio Mix);219240
P!nk;Most Girls;298960
Mariah Carey;Against All Odds (Take A Look at Me Now) (feat. Westlife);199480
Craig David;Fill Me In;257200
Christina Aguilera;I Turn to You;273706
Madonna;American Pie;273533
Red Hot Chili Peppers;Otherside;255373
Sammie;I Like It;251040
Craig David;7 Days;235133
Santana;Maria Maria (feat. The Product G&B);261973
Kandi;Don't Think I'm Not;243533
P!nk;There You Go;202800
Vengaboys;Shalala Lala;214819
Ronan Keating;Life Is A Rollercoaster;234826
Madison Avenue;Don't Call Me Baby;228140
Destiny's Child;Jumpin', Jumpin';230200
Céline Dion;That's the Way It Is;241373
3 Doors Down;Kryptonite;233933
Carl Thomas;I Wish;226760
Mystikal;Shake Ya Ass;256973
Fuel;Hemorrhage (In My Hands);236866
Donell Jones;Where I Wanna Be;253626
Savage Garden;Crash and Burn;281466
Westlife;My Love;231760
All Saints;Pure Shores;268746
Destiny's Child;Independent Women, Pt. 1;221133
*NSYNC;It's Gonna Be Me;191040
Erykah Badu;Bag Lady;348893
Marc Anthony;You Sang To Me;347106
Matchbox Twenty;Bent;256133
Gabrielle;Rise;219093
Backstreet Boys;Shape of My Heart;230093
Creed;With Arms Wide Open;274800
The Corrs;Breathless;207506
Joe;I Wanna Know;296693
Christina Aguilera;Come on over Baby (All I Want Is You) - Radio Version;203333
Creed;Higher;316733
Britney Spears;Lucky;206226
Nelly;Country Grammar (Hot Shit);287000
Shaggy;It Wasn't Me;227600
Destiny's Child;Survivor;254026
Eminem;Stan;404106
Kylie Minogue;Can't Get You out of My Head;230640
Christina Aguilera;"Lady Marmalade - From ""Moulin Rouge"" Soundtrack";264893
Nelly Furtado;I'm Like A Bird;243160
Shakira;Whenever, Wherever;196160
Jimmy Eat World;The Middle;165853
Train;Drops of Jupiter (Tell Me);259933
Geri Halliwell;It's Raining Men;254640
Blu Cantrell;Hit 'Em Up Style (Oops!);250706
Britney Spears;I'm a Slave 4 U;203600
Kylie Minogue;In Your Eyes;197826
Missy Elliott;One Minute Man (feat. Ludacris);252986
Mary J. Blige;Family Affair;265866
Faithless;We Come 1 - Radio Edit;222435
Limp Bizkit;Rollin' (Air Raid Vehicle);213760
Lasgo;Something;220973
iio;Rapture (feat.Nadia Ali);253586
Emma Bunton;What Took You So Long?;241000
112;It's Over Now;264933
Blue;All Rise;223546
Jessica Simpson;Irresistible;194026
Crazy Town;Butterfly;216733
Michael Jackson;You Rock My World;337733
Eve;Let Me Blow Ya Mind;230133
Jennifer Lopez;Ain't It Funny;246160
Brandy;Another Day in Paradise - R&B-Version;271626
Nickelback;How You Remind Me;223840
Daft Punk;One More Time;320357
Outkast;Ms. Jackson;270506
Fragma;Everytime You Need Me - Radio Version;213346
Mariah Carey;Loverboy;229173
Dido;Thank You;218360
Joe;Stutter (feat. Mystikal) - Double Take Remix;213026
P.O.D.;Youth of the Nation;256240
Jennifer Lopez;Play;211493
Missy Elliott;Get Ur Freak On;211120
Ricky Martin;Nobody Wants to Be Lonely (with Christina Aguilera);252706
Christina Milian;AM To PM;231213
Roger Sanchez;Another Chance;452906
Gorillaz;Clint Eastwood;340920
2Pac;Until The End Of Time;266506
Tamia;Stranger in My House;285386
Mary J. Blige;No More Drama;326240
Jennifer Lopez;Love Don't Cost a Thing;221226
Jamiroquai;Little L;295400
Case;Missing You;284666
112;Peaches & Cream;193093
Five;Let's Dance - Radio Edit;218626
Rui Da Silva;Touch Me (Radio Edit) [feat. Cassandra];213133
Alien Ant Farm;Smooth Criminal;209266
Erick Sermon;Music (feat. Marvin Gaye);223133
D12;Purple Pills;304506
Usher;Pop Ya Collar - Radio Edit;210813
Madonna;Don't Tell Me;280973
Blue;If You Come Back;207560
Atomic Kitten;Eternal Flame - Single Version;195506
Jagged Edge;Where the Party At (feat. Nelly);232573
Afroman;Because I Got High;197760
S Club 7;Don't Stop Movin';233626
Craig David;Fill Me In;257200
Nelly Furtado;Turn Off The Light;276106
The Supermen Lovers;Starlight - Radio Edit;234400
Mis-Teeq;All I Want - Sunship Radio Edit;207400
Jagged Edge;Promise;246720
S Club 7;Have You Ever;201533
Enya;Only Time;218546
Faith Hill;There You'll Be;222120
Ronan Keating;Lovin' Each Day;212973
Destiny's Child;Bootylicious;207906
Steps;It's the Way You Make Me Feel;197360
Sunshine Anderson;Heard It All Before;295826
Lenny Kravitz;Again;231666
Daniel Bedingfield;Gotta Get Thru This - D'N'D Radio Edit;162333
DB Boulevard;Point Of View - Radio Edit;231166
Janet Jackson;All For You;329933
Atomic Kitten;Whole Again;185013
Ja Rule;Livin' It Up;257066
Destiny's Child;Independent Women, Pt. 1;221133
DJ Pied Piper & The Masters Of Ceremonies;Do You Really Like It? - Radio Edit;217120
Jennifer Lopez;I'm Real (feat. Ja Rule) - Murder Remix;262133
Musiq Soulchild;Love;304666
So Solid Crew;21 Seconds;302826
Robbie Williams;Eternity;302760
Basement Jaxx;Romeo;217493
Ludacris;Southern Hospitality (Featuring Pharrell);300933
Gabrielle;Rise;219093
Nelly;Ride Wit Me;291781
Trick Daddy;I'm a Thug;254400
Travis;Sing;228800
JAY-Z;Izzo (H.O.V.A.);240626
Gabrielle;Out Of Reach;196986
OPM;Heaven Is a Halfpipe (If I Die);257426
K-Ci & JoJo;Crazy;262773
Staind;It's Been Awhile;264706
3LW;No More (Baby I'ma Do Right);263440
Ginuwine;Differences;265533
*NSYNC;Gone;292000
Lifehouse;Hanging By A Moment;216360
Nelly;Dilemma;289160
Eminem;Without Me;290320
Avril Lavigne;Complicated;244506
Vanessa Carlton;A Thousand Miles;237493
The Calling;Wherever You Will Go;208600
Shakira;Underneath Your Clothes;224066
No Doubt;Underneath It All;302720
Truth Hurts;Addictive;226440
Busta Rhymes;I Know What You Want (feat. Flipmode Squad);324306
Eminem;'Till I Collapse;297786
Diddy;I Need a Girl (Pt. 2) [feat. Loon, Ginuwine & Mario Winans];285586
Christina Milian;When You Look At Me - Radio Edit;222546
Madonna;Die Another Day;276360
Jennifer Lopez;I'm Gonna Be Alright (feat. Nas);172240
Angie Martinez;If I Could Go! (feat. Lil' Mo & Sacario);244466
Linkin Park;In the End;216880
Aaliyah;Rock The Boat;275026
Holly Valance;Kiss Kiss;204400
Sugababes;Round Round;236426
Marilyn Manson;Tainted Love;200426
Brandy;What About Us?;253200
Chad Kroeger;Hero (feat. Josey Scott);200480
Britney Spears;Overprotected - Radio Edit;198600
Scooter;The Logical Song;234116
Missy Elliott;4 My People (feat. Eve);289373
Aaliyah;More Than A Woman;230346
Brandy;Full Moon;248933
Blue;One Love;207186
Busta Rhymes;Pass The Courvoisier Part II (feat. P. Diddy & Pharrell) - Remix;238600
Céline Dion;A New Day Has Come - Radio Remix;259773
Scooter;Nessaja;208449
Eve;Gangsta Lovin';239266
Disturbing Tha Peace;Move Bitch;272293
Khia;My Neck, My Back (Lick It);222560
Tweet;Oops (Oh My) [feat. Missy Elliott];237800
Kylie Minogue;Spinning Around;207866
Nelly;Hot In Herre;228240
Gareth Gates;Anyone of Us (Stupid Mistake);227866
Christina Aguilera;Dirrty (feat. Redman);298853
B2K;Uh Huh;223293
Sugababes;Freak Like Me;195866
Dirty Vegas;Days Go By;432146
Fat Joe;What's Luv? (feat. Ja-Rule & Ashanti);267093
Liberty X;Just A Little;237359
No Doubt;Hella Good;242586
LL Cool J;Luv U Better;287000
Red Hot Chili Peppers;Can't Stop;269000
Musiq Soulchild;Halfcrazy;254493
Sean Paul;Gimme the Light;228000
Faith Evans;I Love You;267160
Charli Baltimore;Down 4 U;318213
Kylie Minogue;Love at First Sight;238266
N.O.R.E.;Nothin';264653
Gareth Gates;Unchained Melody;233666
Diddy;I Need a Girl (Pt. 1) [feat. Usher & Loon];268800
Big Brovaz;Nu Flow;201480
No Doubt;Hey Baby;207040
Ashanti;Baby;265706
Sophie Ellis-Bextor;Murder On The Dancefloor;230013
Justin Timberlake;Like I Love You;283626
Mary J. Blige;Rainy Dayz;276373
A1;Caught in the Middle;206466
Eminem;Cleanin' Out My Closet;297840
Ashanti;Happy;262226
Delta Goodrem;Born to Try;251280
P!nk;Get the Party Started;192533
Alicia Keys;A Woman's Worth;303333
Daniel Bedingfield;Gotta Get Thru This - D'N'D Radio Edit;161240
Coldplay;Clocks;307879
Missy Elliott;Work It;263226
Ronan Keating;If Tomorrow Never Comes;214306
Big Tymers;Still Fly;335613
Creed;My Sacrifice;294600
Ja Rule;Always On Time;245133
Ashanti;Foolish;227386
Avril Lavigne;Sk8er Boi;204000
DJ Sammy;Heaven;233600
Britney Spears;I'm Not a Girl, Not Yet a Woman;231066
Cam’ron;Oh Boy;204706
Red Hot Chili Peppers;By the Way;216933
Elvis Presley;A Little Less Conversation - JXL Radio Edit Remix;211506
Atomic Kitten;The Tide Is High - Radio Mix;206093
*NSYNC;Girlfriend;253600
Robbie Williams;Somethin' Stupid;170493
Alanis Morissette;Hands Clean;269400
Usher;U Don't Have to Call;269400
Creed;One Last Breath - Radio Version;242000
The Goo Goo Dolls;Here Is Gone;238173
Puddle Of Mudd;She Hates Me;216760
Ludacris;Rollout (My Business);296586
Blazin' Squad;Crossroads - Radio Edit;188693
Default;Wasting My Time;268693
Michelle Branch;All You Wanted;217680
Daniel Bedingfield;If You're Not The One;257026
Enrique Iglesias;Escape;208626
Puddle Of Mudd;Blurry;303920
Coldplay;In My Place;226680
Outkast;The Whole World (feat. Killer Mike);295346
P!nk;Don't Let Me Get Me - Radio Edit;210693
50 Cent;In Da Club;193466
Sean Paul;Get Busy;211666
Eminem;"Lose Yourself - From ""8 Mile"" Soundtrack";322226
Beyoncé;Crazy In Love (feat. Jay-Z);236133
Counting Crows;Big Yellow Taxi;225426
Black Eyed Peas;Where Is The Love?;272533
Jennifer Lopez;Jenny from the Block (feat. Jadakiss & Styles P.) - Track Masters Remix;187840
Black Eyed Peas;Shut Up;296186
t.A.T.u.;All The Things She Said;214440
Benny Benassi;Satisfaction (Isak Original Extended) - Benny Benassi Presents The Biz;285570
Busta Rhymes;I Know What You Want (feat. Flipmode Squad);324306
Panjabi MC;Mundian to Bach Ke;244666
Mis-Teeq;Scandalous - U.S. Radio Edit;238840
JAY-Z;03' Bonnie & Clyde;205560
50 Cent;P.I.M.P.;249480
Jamelia;Superstar;215480
Linkin Park;Faint;162600
DMX;X Gon' Give It To Ya;217586
Evanescence;Bring Me To Life;235893
Sugababes;Hole In The Head;218173
Craig David;Rise & Fall (feat. Sting);287226
Three Days Grace;I Hate Everything About You;231480
Lil Jon & The East Side Boyz;Get Low;324600
B2K;Bump, Bump, Bump (feat. P. Diddy);282773
Baby Bash;Suga Suga;239026
Aaliyah;Miss You - Main;245240
Britney Spears;Me Against the Music (feat. Madonna) - LP Version / Video Mix;223773
Blue;Sorry Seems To Be The Hardest Word;210066
Delta Goodrem;Lost Without You;248546
Justin Timberlake;Rock Your Body;267266
The White Stripes;Seven Nation Army;231920
Youngbloodz;Damn! (feat. Lil' Jon) - Club Mix;298600
Beyoncé;Baby Boy (feat. Sean Paul);244826
Lil' Kim;Magic Stick;359973
Christina Aguilera;Can't Hold Us Down (feat. Lil' Kim);255266
Nickelback;Someday;207466
Blue;U Make Me Wanna - Radio Edit;222400
Ashanti;Rain On Me;297960
Trapt;Headstrong;285569
Simply Red;Sunrise;199040
Lumidee;Never Leave You (Uh Oooh, Uh Oooh);184906
Girls Aloud;Sound Of The Underground;221426
Nelly;Shake Ya Tailfeather (feat. P. Diddy & Murphy Lee) - 2016 Remaster;293666
Room 5;Make Luv;212413
Fatman Scoop;Be Faithful;164506
Limp Bizkit;Behind Blue Eyes;269973
Sugababes;Too Lost In You;237693
50 Cent;"Wanksta - From ""8 Mile"" Soundtrack";219400
Pharrell Williams;Frontin' (feat. Jay-Z) - Club Mix;236506
Chingy;Right Thurr;250746
Eminem;Sing For The Moment;339546
Lil' Kim;The Jump Off (feat. Mr. Cheeks) - Remix;234800
Mýa;My Love Is Like...Wo - Main Mix;209533
50 Cent;21 Questions;224440
Nelly;Air Force Ones;304000
Missy Elliott;Gossip Folks (feat. Ludacris);234893
Girls Aloud;Jump;220360
Ultrabeat;Pretty Green Eyes - Radio Edit;201920
Christina Aguilera;Fighter;245960
Frankie J;Don't Wanna Try;245293
Snoop Dogg;Beautiful;299146
Floetry;Say Yes;268373
Ginuwine;In Those Jeans;243306
Electric Six;Danger! High Voltage - Soulchild Radio Mix;214600
Rachel Stevens;Sweet Dreams My LA Ex - Radio Edit;208386
Ludacris;Stand Up;213760
Nas;I Can;253720
3 Doors Down;When I'm Gone;260333
Tyrese;How You Gonna Act Like That;294693
Justin Timberlake;Cry Me a River;288333
Westlife;Mandy;199320
No Doubt;It's My Life;226053
Amanda Perez;Angel;218760
JAY-Z;Excuse Me Miss;281240
Coldplay;Clocks;307879
Kelly Rowland;Stole;249293
Missy Elliott;Work It;263226
Ashanti;Rock Wit U (Awww Baby);209120
Junior Senior;Move Your Feet;181826
Audioslave;Like a Stone;293960
Sean Paul;Like Glue;232506
Jaheim;Put That Woman First;245773
Jennifer Lopez;All I Have (feat. LL Cool J);254466
Monica;So Gone;242773
Dido;White Flag;240040
The Roots;The Seed (2.0);267933
Chingy;Holidae In;314400
Fabolous;Can't Let You Go (feat. Mike Shorey & Lil' Mo);223973
Kelly Clarkson;Miss Independent;214773
Ja Rule;Mesmerize;278693
Matchbox Twenty;Unwell;228706
Outkast;The Way You Move (feat. Sleepy Brown);234000
Fabolous;Into You (feat. Tamia);295773
Switchfoot;Meant to Live;201373
Daniel Bedingfield;If You're Not The One;257026
Good Charlotte;Lifestyles of the Rich & Famous;190173
Wayne Wonder;No Letting Go;202013
The Strokes;Reptilia;219826
Avril Lavigne;I'm with You;223066
Will Young;Leave Right Now;214733
Usher;Yeah! (feat. Lil Jon & Ludacris);250373
Maroon 5;This Love;206200
Britney Spears;Toxic;198800
Outkast;Hey Ya!;235213
Hoobastank;The Reason;232800
Anastacia;Left Outside Alone;257426
Daddy Yankee;Gasolina;192600
Black Eyed Peas;Let's Get It Started - Spike Mix;217733
O-Zone;Dragostea Din Tei;215431
Terror Squad;Lean Back;247426
Anastacia;Sick and Tired;212266
Gwen Stefani;What You Waiting For?;221226
Ashanti;Only U - No Intro;186306
The Rasmus;In the Shadows;257920
Houston;I Like That;236520
Beyoncé;Naughty Girl;208600
Linkin Park;Numb;185586
Lloyd Banks;On Fire;187280
Akon;Locked Up;235066
D12;My Band;298773
Jay Sean;Eyes On You - Radio Mix;190493
Mario Winans;I Don't Wanna Know (feat. Enya & P. Diddy) - 2016 Remaster;257333
Destiny's Child;Lose My Breath;242013
Eric Prydz;Call on Me - Radio Mix;171360
Ciara;Goodies (feat. Petey Pablo);223000
Kelis;Trick Me;206106
LL Cool J;Headsprung;267320
Spiderbait;Black Betty - Edit;205973
George Michael;Amazing;265826
Britney Spears;My Prerogative;213893
Nina Sky;Move Ya Body;232000
Baby Bash;Suga Suga;239026
Petey Pablo;Freek-A-Leek;235186
JAY-Z;Dirt Off Your Shoulder;245173
Juanes;La Camisa Negra;216706
Avril Lavigne;Nobody's Home;212413
Robbie Williams;Radio;233600
Black Eyed Peas;Hey Mama;214893
Ying Yang Twins;Salt Shaker;252440
Enrique Iglesias;Not In Love - Radio Mix;223133
Kelis;Milkshake;182626
Linkin Park;Breaking the Habit;196906
JoJo;Leave (Get Out) - Radio Edit;242746
Christina Milian;Dip It Low;197186
Avant;Read Your Mind;263506
Eminem;Just Lose It;248680
Sugababes;Too Lost In You;237693
Snoop Dogg;Drop It Like It's Hot;266066
Sean Paul;I'm Still in Love with You (feat. Sasha);273360
The Shapeshifters;Lola's Theme - Radio Edit;207066
D12;How Come;249533
Basement Jaxx;Good Luck;282306
Kevin Lyttle;Turn Me On;192106
Chingy;One Call Away;276800
T.I.;Bring Em Out;216706
DJ Casper;Cha Cha Slide - Hardino Mix;222146
Kylie Minogue;I Believe in You;200973
Twista;Overnight Celebrity;233360
N.E.R.D;She Wants To Move;213786
Britney Spears;Everytime;230306
U2;Vertigo;193520
Franz Ferdinand;Take Me Out;237026
J-Kwon;Tipsy - Club Mix;247106
G-Unit;Wanna Get To Know You;265026
Lil' Flip;Sunshine (feat. Lea);225173
Kanye West;Jesus Walks;193733
Evanescence;My Immortal;262533
Nelly;My Place;336506
Lemar;If There's Any Justice;229080
No Doubt;It's My Life;226053
Avril Lavigne;Don't Tell Me;202013
Twista;Slow Jamz;316053
Green Day;American Idiot;176346
Kelis;Millionaire;224933
Scissor Sisters;Comfortably Numb;266040
Alicia Keys;Diary (feat. Tony! Toni! Tone! & Jermaine Paul);284160
Kanye West;Through The Wire;221226
Special D.;Come With Me - Radio Edit;185133
Ludacris;Splash Waterfalls;290760
Avril Lavigne;My Happy Ending;242413
Dido;White Flag;240040
Eamon;Fuck It (I Don't Want You Back);225106
Beyoncé;Me, Myself and I;301133
3 Doors Down;Here Without You;238733
Kanye West;All Falls Down;223506
Twista;Sunshine (feat. Anthony Hamilton);226013
Katie Melua;The Closest Thing to Crazy;252466
Usher;My Boo;223440
Lloyd;Southside;277840
LMC;Take Me To The Clouds Above - LMC Vs. U2 / Radio Edit;171546
The Streets;Fit but You Know It;254266
JUVENILE;Slow Motion;248200
Outkast;The Way You Move (feat. Sleepy Brown);234000
Girls Aloud;Love Machine;205360
Jessica Simpson;With You;191826
Eminem;Like Toy Soldiers;296880
Gary Jules;Mad World (Feat. Michael Andrews);189506
Ashlee Simpson;Pieces Of Me;217440
Will Young;Leave Right Now;214733
Alicia Keys;You Don't Know My Name;366733
Mariah Carey;We Belong Together;201400
Mario;Let Me Love You;256733
Kanye West;Gold Digger;207626
Rihanna;Pon de Replay;246960
50 Cent;Candy Shop;209106
James Blunt;You're Beautiful;209493
Green Day;Boulevard of Broken Dreams;261266
The Pussycat Dolls;Don't Cha;272080
Daniel Powter;Bad Day;233640
Akon;Bananza (Belly Dancer);238493
Madonna;Hung Up;337733
50 Cent;Just A Lil Bit;237706
Crazy Frog;Axel F;168879
Eminem;Ass Like That;265480
Sean Paul;We Be Burnin';213066
Gwen Stefani;Rich Girl;236213
The Chemical Brothers;Galvanize;393813
Fort Minor;Remember the Name (feat. Styles of Beyond);230493
50 Cent;Disco Inferno;214226
The Game;How We Do;235533
Chris Brown;Run It! (feat. Juelz Santana);229866
Mariah Carey;It's Like That;203360
Black Eyed Peas;My Humps;326960
Ciara;Oh (feat. Ludacris);256346
50 Cent;Outta Control - Remix;247506
Baby Bash;Baby, I'm Back;219920
Jennifer Lopez;Get Right;225533
JAY-Z;Numb / Encore;205733
The Game;Hate It Or Love It;206400
Gorillaz;Feel Good Inc.;222640
Black Eyed Peas;Don't Phunk With My Heart;239773
Akon;Lonely;235800
Bodyrockers;I Like The Way - Radio Edit;200053
Sugababes;Push The Button;218093
Jeezy;Soul Survivor;280013
Eminem;Mockingbird;250760
Shakira;La Tortura (feat. Alejandro Sanz);212893
Gorillaz;DARE;244999
Snoop Dogg;Signs;236813
Robbie Williams;Tripping;276603
David Banner;Play;230133
Trillville;Some Cut;283454
D4L;Laffy Taffy;224253
Missy Elliott;Lose Control (feat. Ciara & Fat Man Scoop);226863
Rob Thomas;Lonely No More;226640
Brian McFadden;Almost Here;229826
Bobby V.;"Slow Down - 12"" Version";258666
Backstreet Boys;Incomplete;239586
Pretty Ricky;Grind With Me;237733
Kanye West;Diamonds From Sierra Leone - Remix;233400
Snoop Dogg;Drop It Like It's Hot;266066
Fat Joe;Get It Poppin' (feat. Nelly) - Radio Version;211320
Destiny's Child;Soldier (feat. T.I. & Lil' Wayne);325573
Ciara;1, 2 Step (feat. Missy Elliott) - Main;202213
Amerie;1 Thing;238746
Ludacris;Get Back;270746
Franz Ferdinand;Do You Want To;215000
Natalie Imbruglia;Shiver;222653
Gwen Stefani;Hollaback Girl;199853
Pretty Ricky;Your Body;240040
Thirty Seconds To Mars;The Kill;231533
Alicia Keys;Karma;256000
2Pac;Ghetto Gospel;238053
Craig David;Don't Love You No More (I'm Sorry);243986
Katie Melua;Nine Million Bicycles;197160
Lil Jon & The East Side Boyz;Lovers And Friends;260600
Mariah Carey;Don't Forget About Us - Radio Edit;233866
Ying Yang Twins;Wait (The Whisper Song);179160
Will Smith;Switch;197666
Bow Wow;Like You (feat. Ciara);205840
Kaiser Chiefs;Everyday I Love You Less And Less;217706
Kelly Clarkson;Behind These Hazel Eyes;198973
Black Eyed Peas;Don't Lie;219000
Westlife;You Raise Me Up;241066
Ray J;One Wish;337640
Papa Roach;Scars;208199
Arctic Monkeys;I Bet You Look Good On The Dancefloor;173680
Shayne Ward;That's My Goal;219600
Bow Wow;Let Me Hold You (feat. Omarion);248493
Kaiser Chiefs;I Predict A Riot;233186
Usher;Caught Up;224640
Kelly Clarkson;Because of You;219493
3 Doors Down;Let Me Go;243053
Nickelback;Photograph;258920
T-Pain;I'm Sprung;231040
Destiny's Child;Cater 2 U;245400
The Pussycat Dolls;Stickwitu;207506
Ryan Cabrera;TRUE;204173
Stereophonics;Dakota;297426
Eminem;Like Toy Soldiers;296880
Nelly;Over And Over;253933
Coldplay;Speed of Sound;287906
KT Tunstall;Suddenly I See;201706
Destiny's Child;Girl;224146
Kelly Clarkson;Since U Been Gone;188960
U2;Sometimes You Can't Make It On Your Own;305080
The All-American Rejects;Dirty Little Secret;193653
Toby Keith;As Good As I Once Was;227840
Gwen Stefani;Cool;189333
Foo Fighters;Best of You;255626
Shakira;Hips Don't Lie (feat. Wyclef Jean);218093
Sean Paul;Temperature;218573
Justin Timberlake;SexyBack (feat. Timbaland);242733
Beyoncé;Irreplaceable;227853
Amy Winehouse;Rehab;214946
Rihanna;SOS;238920
Gnarls Barkley;Crazy;177466
Busta Rhymes;Touch It;214960
Nelly Furtado;Maneater;258893
Bob Sinclar;Rock This Party - Everybody Dance Now;245466
Diddy;Come to Me (feat. Nicole Scherzinger);276786
Madonna;Sorry;281880
Chamillionaire;Ridin';303053
Black Eyed Peas;Pump It;213066
Nelly Furtado;Promiscuous;242293
Fedde Le Grand;Put Your Hands Up for Detroit - Radio Edit;150533
Sean Paul;(When You Gonna) Give It Up to Me (feat. Keyshia Cole) - Radio Version;243880
The Pussycat Dolls;Buttons;225560
Ciara;Get Up (feat. Chamillionaire);261880
Eminem;Shake That;274440
Cherish;Do It To It;226293
Muse;Supermassive Black Hole;212439
Chris Brown;Gimme That;186826
Infernal;From Paris to Berlin;209666
Cassie;Me & U;192213
E-40;U and Dat (feat. T. Pain & Kandi Girl);202720
The Pussycat Dolls;Beep;229360
Lil Jon;Snap Yo Fingers;274386
Armand Van Helden;My My My - Radio Edit;190000
The Notorious B.I.G.;Nasty Girl (feat. Diddy, Nelly, Jagged Edge & Avery Storm) - 2005 Remaster;286186
Yung Joc;It's Goin' Down (feat. Nitti);241840
Shayne Ward;No Promises;223066
Justin Timberlake;My Love (feat. T.I.);276160
Nickelback;Savin' Me;219320
Nelly;Grillz;271160
Take That;Patience;202066
Fergie;London Bridge;241306
Cascada;Everytime We Touch - Radio Edit;199120
D4L;Laffy Taffy;224253
LL Cool J;Control Myself;233973
Beyoncé;Deja Vu (feat. Jay-Z);240280
P!nk;Stupid Girls;197173
Eminem;When I'm Gone;281320
Kelis;Bossy;273973
Bob Sinclar;Love Generation - Radio Edit;207613
Meck;Thunder in My Heart Again (Radio Edit);189800
Mary J. Blige;Be Without You - Kendu Mix;246333
Girls Aloud;Something Kinda Ooooh;201590
Rihanna;Unfaithful;226973
Kanye West;Touch The Sky;236600
Dem Franchize Boyz;Lean Wit It, Rock Wit It;229813
Evanescence;Call Me When You're Sober;214706
Chingy;Pullin' Me Back;234133
Nickelback;Far Away;238173
Fall Out Boy;Dance, Dance;180266
Leona Lewis;A Moment Like This;257293
T.I.;What You Know;274333
Ludacris;Money Maker;230613
Nick Lachey;What's Left Of Me;244613
Jibbs;Chain Hang Low;207586
Arctic Monkeys;When The Sun Goes Down;202133
Rascal Flatts;Life is a Highway;276773
Beyoncé;Check On It (feat. Slim Thug);211186
Keyshia Cole;Love;255333
Lily Allen;Smile;196893
Ne-Yo;Sexy Love;220853
JoJo;Too Little Too Late;223680
Mary J. Blige;One;260466
Bubba Sparxxx;Ms. New Booty;252653
Amy Winehouse;You Know I'm No Good;256946
Rascal Flatts;What Hurts The Most;214106
Red Hot Chili Peppers;Dani California;282160
Scissor Sisters;I Don't Feel Like Dancin';288360
Ne-Yo;So Sick;207186
Hinder;Lips Of An Angel;261053
The Raconteurs;Steady, As She Goes;215266
The Fratellis;Chelsea Dagger;215306
Fort Minor;Where'd You Go (feat. Holly Brook & Jonah Matranga);231866
The Pussycat Dolls;Stickwitu;207506
Panic! At The Disco;I Write Sins Not Tragedies;185586
James Blunt;Goodbye My Lover;258653
Christina Aguilera;Ain't No Other Man;228906
Westlife;The Rose;219106
Keane;Is It Any Wonder?;186173
Orson;No Tomorrow;167493
T-Pain;I'm N Luv (Wit a Stripper) (feat. Mike Jones);265333
KT Tunstall;Black Horse And The Cherry Tree;172373
Natasha Bedingfield;Unwritten;259333
Razorlight;America;249760
James Morrison;You Give Me Something;213173
Snow Patrol;You're All I Have;273333
The Fray;How to Save a Life;262533
Sandi Thom;I Wish I Was a Punk Rocker (with Flowers in My Hair);151640
My Chemical Romance;Welcome to the Black Parade;311106
Razorlight;In The Morning;222453
The All-American Rejects;Dirty Little Secret;193653
James Morrison;Wonderful World;210066
Chris Brown;Yo (Excuse Me Miss);229040
P!nk;Who Knew;208493
The Kooks;Naive;203506
Leona Lewis;Bleeding Love;262466
Rihanna;Umbrella;275986
Britney Spears;Gimme More;251240
Fergie;Big Girls Don't Cry (Personal);268120
Mark Ronson;Valerie (feat. Amy Winehouse) - Version Revisited;219413
Plain White T's;Hey There Delilah;232533
Justin Timberlake;What Goes Around.../...Comes Around (Interlude);448573
Gwen Stefani;The Sweet Escape;246466
Timbaland;The Way I Are;179120
Nelly Furtado;Say It Right;223080
Ida Corr;Let Me Think About It;151973
Alex Gaudino;Destination Calabria - Radio Edit;223111
September;Cry for You;209800
Akon;Smack That;212360
Timbaland;Give It To Me;234026
50 Cent;Ayo Technology;247946
Eric Prydz;Proper Education - Radio Edit;198567
Fedde Le Grand;Put Your Hands Up For Detroit - Radio Edit;150533
Ciara;Like a Boy;237053
Kanye West;Stronger;311866
Beyoncé;Beautiful Liar;199853
Gym Class Heroes;Cupid's Chokehold / Breakfast in America - Radio Mix;237173
Akon;I Wanna Love You;247066
Soulja Boy;Crank That (Soulja Boy);221933
Fat Joe;Make It Rain;247413
P!nk;U + Ur Hand;214386
Rihanna;Shut Up And Drive;212280
Lloyd;Get It Shawty;209533
Kanye West;Can't Tell Me Nothing;271600
Camille Jones;The Creeps - Fedde Le Grand Radio Mix;152333
Linkin Park;What I've Done;205613
Keyshia Cole;Last Night;255706
Chris Brown;Kiss Kiss (feat. T-Pain);250666
Shop Boyz;Party Like A Rock Star;253400
Finger Eleven;Paralyzer;208106
Justin Timberlake;Summer Love;252973
MiMS;This Is Why I'm Hot;253706
Fabolous;Make Me Better;253573
Seether;Fake It;193893
Take That;Patience;202066
Arctic Monkeys;Brianstorm;172866
Justin Timberlake;My Love (feat. T.I.);276160
Fergie;Glamorous;246600
Linkin Park;Bleed It Out;166373
My Chemical Romance;Teenagers;161920
Calvin Harris;Acceptable in the 80's;333680
Sugababes;About You Now;212400
Avril Lavigne;Girlfriend;216600
Ne-Yo;Because Of You;266840
Daughtry;It's Not Over;215173
Unk;Walk It Out;173040
Lloyd;You;273133
Klaxons;Golden Skans;165120
T-Pain;Bartender (feat. Akon);238800
Baby Boy Da Prince;The Way I Live - Main Explicit;324906
Fergie;Fergalicious;292373
Omarion;Ice Box;256426
Pretty Ricky;On the Hotline - Amended Version;242586
Nickelback;Rockstar;252040
Fall Out Boy;Thnks fr th Mmrs;203506
Justin Timberlake;LoveStoned / I Think She Knows (Interlude);444333
All Time Low;Dear Maria, Count Me In;182826
Amy Winehouse;Back To Black;241293
Keyshia Cole;Let It Go;238360
Ciara;Promise;267413
Enrique Iglesias;Do You Know? (The Ping Pong Song);219533
T2;Heartbroken - Edit;178613
Robyn;With Every Heartbeat;254920
Maroon 5;Makes Me Wonder;211080
Fall Out Boy;This Ain't A Scene, It's An Arms Race;212040
Paramore;Misery Business;211520
Hinder;Better Than Me;223533
Huey;Pop, Lock & Drop It - Video Edit;261026
Foo Fighters;The Pretender;269373
Plies;Shawty (feat. T Pain);255413
Kaiser Chiefs;Ruby;204200
Mark Ronson;Stop Me (feat. Daniel Merriweather);232946
Bow Wow;Outta My System (feat. T-Pain & Johntá Austin);238266
Jim Jones;We Fly High;236080
The Red Jumpsuit Apparatus;Face Down;192000
MIKA;Grace Kelly;187733
Christina Aguilera;Candyman;194213
Sean Kingston;Beautiful Girls;225373
Akon;Don't Matter;293066
James Blunt;1973;280026
Carrie Underwood;Before He Cheats;199946
Just Jack;Starz In Their Eyes;295933
T-Pain;Buy U a Drank (Shawty Snappin') (feat. Yung Joc);227960
Bone Thugs-N-Harmony;I Tried;287480
Avril Lavigne;When You're Gone;240493
Rich Boy;Throw Some D's;263920
MIKA;Love Today;235173
Manic Street Preachers;Your Love Alone Is Not Enough (feat. Nina Persson);235693
Elliott Yamin;Wait for You;261320
Wyclef Jean;Sweetest Girl (Dollar Bill) (feat. Akon, Lil' Wayne & Niia);241133
Boys Like Girls;The Great Escape;206520
Take That;Rule The World - Radio Edit;237760
J. Holiday;Bed;275106
Red Hot Chili Peppers;Snow (Hey Oh);334666
Ludacris;Runaway Love;280680
Flo Rida;Low (feat. T-Pain);231400
Katy Perry;I Kissed A Girl;179640
Rihanna;Take A Bow;229413
Alicia Keys;No One;253813
Timbaland;Apologize;184400
Ne-Yo;Miss Independent;232000
Chris Brown;With You;252120
Beyoncé;If I Were a Boy;249146
Kardinal Offishall;Dangerous;246053
Madcon;Beggin (original version);216146
September;Cry for You;209800
Rihanna;Disturbia;238626
Guru Josh Project;Infinity 2008;190013
Britney Spears;Break the Ice;196053
Lil Wayne;Lollipop;299333
Basshunter;Now You're Gone - Video Edit;148186
Kanye West;Flashing Lights;237506
Madonna;4 Minutes (feat. Justin Timberlake & Timbaland);189693
Katy Perry;Hot N Cold;220226
Rihanna;Don't Stop The Music;267080
Snoop Dogg;Sensual Seduction;245520
Akon;Right Now (Na Na Na);240746
Britney Spears;Womanizer;224400
Eric Prydz;Pjanoo - Radio Edit;157432
Kelly Rowland;Work;207920
Jeezy;Put On;321293
Madonna;Give It 2 Me;287906
The Pussycat Dolls;When I Grow Up;245680
will.i.am;Heartbreaker;327880
Soulja Boy;Crank That (Soulja Boy);221933
Britney Spears;Piece of Me;212106
T.I.;Live Your Life;338853
Ne-Yo;Closer;234360
Lil Wayne;A Milli;221840
Colby O'Donis;What You Got;243013
Miley Cyrus;See You Again;190453
Basshunter;All I Ever Wanted - Radio Edit;176453
Chris Brown;Kiss Kiss (feat. T-Pain);250666
Finger Eleven;Paralyzer;208106
Alesha Dixon;The Boy Does Nothing;210680
Dizzee Rascal;Dance Wiv Me - Radio Edit;204093
Gabriella Cilmi;Sweet About Me;202133
Jack White;Another Way to Die;262240
Plies;Hypnotized (feat. Akon);188493
The Pussycat Dolls;I Hate This Part;218400
Sean Kingston;Take You There;236693
Natasha Bedingfield;Pocketful of Sunshine;203440
The Offspring;You're Gonna Go Far, Kid;177826
Kanye West;Homecoming;203493
Estelle;American Boy;284733
Saving Abel;Addicted;222826
Pendulum;Propane Nightmares;313346
The Game;My Life;320893
Danity Kane;Damaged;244266
P!nk;So What;215160
Kanye West;Love Lockdown;270306
Gym Class Heroes;Cookie Jar (feat. The-Dream);216317
M.I.A.;Paper Planes;205200
3 Doors Down;It's Not My Time;241960
Kylie Minogue;Wow;190973
Mariah Carey;Touch My Body;204733
MGMT;Kids;302840
The Ting Tings;Shut Up and Let Me Go;171226
Lil Wayne;Got Money;244626
Santana;Into the Night (feat. Chad Kroeger);222440
The-Dream;I Luv Your Girl;267866
Wiley;Wearing My Rolex - Radio Edit;170480
Usher;Love in This Club (feat. Young Jeezy);259720
Sam Sparro;Black & Gold - Radio Edit;212360
"H ""two"" O";What's It Gonna Be (feat. Platnum);207476
The Ting Tings;That's Not My Name;310573
Plies;Bust It Baby, Pt. 2 (feat. Ne-Yo);240760
James Morrison;Broken Strings;250453
Leona Lewis;Run;314720
Metro Station;Shake It;179946
T.I.;Whatever You Like;249533
Trey Songz;Can't Help but Wait;206413
OneRepublic;Stop And Stare;223853
Alexandra Burke;Hallelujah;217826
Mary J. Blige;Just Fine;242133
Jordin Sparks;One Step At a Time;205160
Coldplay;Viva La Vida;242373
Kings of Leon;Sex on Fire;203346
Kanye West;Good Life;207000
Duffy;Mercy;219920
David Archuleta;Crush;213520
J. Holiday;Suffocate - Superclean;220053
Gavin DeGraw;In Love With a Girl;206000
Jordin Sparks;Tattoo;233466
Coldplay;Violet Hill;222653
Ray J;Sexy Can I feat. Yung Berg;204040
Jennifer Hudson;Spotlight;250106
John Legend;Green Light (feat. André 3000);284186
Jonas Brothers;Burnin' Up;175093
Lupe Fiasco;Superstar (feat. Matthew Santos);289000
Chris Brown;Forever;278573
Adele;Chasing Pavements;210506
Leona Lewis;Better in Time;234173
Fergie;Clumsy;240426
T-Pain;Can't Believe It (feat. Lil' Wayne);273826
Black Eyed Peas;I Gotta Feeling;289133
Lady Gaga;Poker Face;237200
Beyoncé;Halo;261640
David Guetta;Sexy Bitch (feat. Akon);195853
Flo Rida;Right Round;204640
Taylor Swift;Love Story;236266
Pitbull;Hotel Room Service;238506
Britney Spears;Circus;192360
Lady Gaga;LoveGame;216333
Skillet;Monster;178013
The Prodigy;Omen;216026
Black Eyed Peas;Meet Me Halfway;284373
Kanye West;Heartless;211000
Kid Cudi;Day 'N' Nite (Nightmare);221240
Lady Gaga;Just Dance;241933
Britney Spears;If U Seek Amy;216520
Pitbull;I Know You Want Me (Calle Ocho);237120
Mariah Carey;Obsessed;242200
Beyoncé;Sweet Dreams;208066
Agnes;Release Me;256213
Black Eyed Peas;Boom Boom Pow;251440
Shakira;She Wolf;188866
Lady Gaga;Paparazzi;208306
JAY-Z;Empire State Of Mind;276920
OneRepublic;All The Right Moves;238000
Jeremih;Birthday Sex;226506
Cascada;Evacuate The Dancefloor;207200
Linkin Park;New Divide;268613
Kevin Rudolf;Let It Rock;231173
JAY-Z;Run This Town;267520
Lady Gaga;Bad Romance;294573
T.I.;Live Your Life;338853
Eminem;We Made You;269613
Dizzee Rascal;Bonkers;177573
Ciara;Love Sex Magic (feat. Justin Timberlake);220426
Rihanna;Russian Roulette;227533
Soulja Boy;Turn My Swag On;206333
The xx;Intro;127920
Jay Sean;Down;212106
Keri Hilson;Turnin Me On - Original Dirty;248066
David Guetta;When Love Takes Over (feat. Kelly Rowland);191000
Cheryl;Fight For This Love;223253
Soulja Boy;Kiss Me Thru The Phone;193386
Eminem;Crack A Bottle;297520
P!nk;Sober;251440
Tinchy Stryder;Number 1;212773
Pixie Lott;Mama Do (Uh Oh, Uh Oh);196520
JLS;Beat Again - Radio Edit;196640
3OH!3;DONTTRUSTME;192573
A.R. Rahman;Jai Ho! (You Are My Destiny);222400
The Pussycat Dolls;I Hate This Part;218400
Akon;Beautiful;312986
Alexandra Burke;Bad Boys (feat. Flo Rida);206480
Mario;Break Up;249026
Drake;Forever;357706
Selena Gomez & The Scene;Naturally;202586
Kanye West;Love Lockdown;270306
The Veronicas;Untouched;255360
Fabolous;Throw It In The Bag;231573
Jason Derulo;Whatcha Say;221253
Lily Allen;Not Fair;201213
T.I.;Dead And Gone;299746
Sean Kingston;Fire Burning;239986
Empire of the Sun;Walking On A Dream;198440
Cobra Starship;Good Girls Go Bad (feat. Leighton Meester);196413
Nickelback;If Today Was Your Last Day;249066
La Roux;Bulletproof;205733
Kasabian;Fire;252279
Calvin Harris;I'm Not Alone - Radio Edit;210973
Justin Bieber;One Time;215866
Jamie Foxx;Blame It;289746
La Roux;In For The Kill;248626
Muse;Uprising;304840
Nickelback;Gotta Be Somebody;252653
James Morrison;Broken Strings;250453
T.I.;Whatever You Like;249533
Dizzee Rascal;Holiday;220626
Beyoncé;Single Ladies (Put a Ring on It);193213
Boys Like Girls;Love Drunk;226706
The-Dream;Rockin' That Shit;221920
OneRepublic;Secrets;224693
JLS;Everybody in Love;195586
Jason Aldean;Big Green Tractor;204200
The Fray;Never Say Never;256613
Lily Allen;The Fear;207120
Kings of Leon;Sex on Fire;203346
Drake;Best I Ever Had;258760
Kelly Clarkson;Already Gone;281560
Miley Cyrus;Party In The U.S.A.;202066
Jordin Sparks;Battlefield;241920
Ne-Yo;Mad;254533
Green Day;21 Guns;321093
Keri Hilson;Knock You Down;326186
Taylor Swift;You Belong With Me;231146
Shinedown;Second Chance;222066
Asher Roth;I Love College;241933
Katy Perry;Waking Up In Vegas;199186
Kelly Clarkson;My Life Would Suck Without You;211493
Mumford & Sons;Little Lion Man;245173
The Fray;You Found Me;241853
Bruno Mars;Just the Way You Are;220734
Eminem;Love The Way You Lie;263373
Lady Gaga;Bad Romance;294573
Stromae;Alors on danse - Radio Edit;206066
Kesha;TiK ToK;199693
David Guetta;Memories (feat. Kid Cudi);210853
Taio Cruz;Dynamite;202613
Rihanna;Only Girl (In The World);235493
Katy Perry;California Gurls;234653
Kesha;Take It Off;215200
INNA;Hot - Play & Win Radio Version;217036
Far East Movement;Like A G6;216893
David Guetta;Gettin' Over You (feat. Fergie & LMFAO);188000
Duck Sauce;Barbra Streisand - Radio Edit;196533
Lucenzo;Danza Kuduro (feat. Don Omar);213986
Rihanna;Te Amo;208426
Timbaland;Carry Out (Featuring Justin Timberlake);232466
DJ Fresh;Gold Dust - Radio Edit;192446
Edward Maya;Stereo Love - Radio Edit;184573
Taio Cruz;Break Your Heart;201546
Black Eyed Peas;Imma Be;257560
Sidney Samson;Riverside;320348
Eminem;Not Afraid;248133
Lady Gaga;Alejandro;274213
Rihanna;Rude Boy;222920
Ne-Yo;Beautiful Monster;251573
3OH!3;Starstrukk;203093
Black Eyed Peas;The Time (Dirty Bit);307640
Kelly Rowland;Commander;218106
Swedish House Mafia;One (Your Name) - Radio Edit;163246
Chris Brown;Deuces (feat. Tyga & Kevin McCall);276560
Usher;DJ Got Us Fallin' In Love (feat. Pitbull);220800
Iyaz;Replay;182306
Flo Rida;Club Can't Handle Me (feat. David Guetta);234560
Sean Kingston;Eenie Meenie;201946
Waka Flocka Flame;No Hands (feat. Roscoe Dash & Wale);263773
Tinie Tempah;Written in the Stars (feat. Eric Turner);207653
Bruno Mars;Talking to the Moon;217866
Miley Cyrus;Can't Be Tamed;168213
Mike Posner;Cooler Than Me - Single Mix;213293
Lady Gaga;Telephone;220640
Yolanda Be Cool;We No Speak Americano (JT Radio Edit);157438
Rihanna;Hard;250600
Tinie Tempah;Pass Out;268053
Adam Lambert;Whataya Want from Me;227320
Trey Songz;Bottoms Up (feat. Nicki Minaj);242013
Timbaland;If We Ever Meet Again (Featuring Katy Perry);292706
Enrique Iglesias;I Like It;231373
Tim Berg;Seek Bromance - Avicii’s Vocal Edit;203960
Usher;OMG (feat. will.i.am);269493
Maroon 5;Misery;216200
Jay Sean;Down;212106
Rihanna;Man Down;267000
3OH!3;My First Kiss (feat. Ke$ha);192440
Justin Bieber;Baby;214240
Cali Swag District;Teach Me How to Dougie;237480
Swedish House Mafia;Miami 2 Ibiza - Swedish House Mafia vs. Tinie Tempah;206460
K'NAAN;Wavin' Flag;220520
Ludacris;How Low;201586
Kesha;Blah Blah Blah (feat. 3OH!3);172053
DJ Khaled;All I Do Is Win (feat. T-Pain, Ludacris, Snoop Dogg & Rick Ross);232506
Jason Derulo;In My Head;199026
Aloe Blacc;I Need A Dollar;243053
B.o.B;Airplanes (feat. Hayley Williams of Paramore);180480
Ludacris;My Chick Bad;216933
Nelly;Just A Dream;237800
Rihanna;What's My Name?;263173
Shontelle;Impossible;226533
Take That;The Flood;289359
Trey Songz;Say Aah (feat. Fabolous);207546
Jason Derulo;Whatcha Say;221253
Drake;Over;233560
Example;Kickstarts;181826
Plan B;She Said;208853
The Saturdays;Higher;207613
Jay Sean;Do You Remember;210306
Usher;Hey Daddy (Daddy's Home);224093
Lil Wayne;Right Above It;271946
The Wanted;All Time Low;205200
Kesha;Your Love Is My Drug;187133
Ellie Goulding;Starry Eyed;176613
Drake;Find Your Love;208946
Jason Derulo;Ridin' Solo;215746
Two Door Cinema Club;What You Know;189693
JAY-Z;Young Forever;253906
Young Money;BedRock;288133
B.o.B;Nothin' on You (feat. Bruno Mars);268320
Katy Perry;Teenage Dream;227741
Scouting For Girls;This Ain't a Love Song;210680
Travie McCoy;Billionaire (feat. Bruno Mars);211160
Owl City;Fireflies;228346
Alicia Keys;Empire State of Mind (Part II) Broken Down;216480
Lady A;Need You Now;236440
Taylor Swift;Back To December;293026
Neon Trees;Animal;212306
Kris Allen;Live Like We're Dying;212506
Matt Cardle;When We Collide;226000
Robyn;Dancing On My Own;288670
The Band Perry;If I Die Young;222773
B.o.B;Magic (feat. Rivers Cuomo);196133
Adele;Rolling in the Deep;228093
Maroon 5;"Moves Like Jagger - Studio Recording From ""The Voice"" Performance";201493
LMFAO;Party Rock Anthem;262146
Katy Perry;Firework;227893
Bruno Mars;Grenade;222091
Pitbull;Hey Baby (Drop It to the Floor) (feat. T-Pain);234453
Alexandra Stan;Mr. Saxobeat;195105
David Guetta;Who's That Chick? (feat. Rihanna);201040
Jennifer Lopez;On The Floor;284866
Rihanna;S&M;243533
Kesha;Blow;219973
Snoop Dogg;Sweat - Remix;195986
Taio Cruz;Higher;187626
Usher;More - RedOne Jimmy Joker Remix;219986
Example;Changed the Way You Kiss Me - Radio Edit;195466
Black Eyed Peas;Just Can’t Get Enough;219426
David Guetta;Where Them Girls At (feat. Nicki Minaj & Flo Rida);194840
Lykke Li;I Follow Rivers - The Magician Remix;281106
Pitbull;Give Me Everything (feat. Ne-Yo, Afrojack & Nayer);252306
Selena Gomez & The Scene;Love You Like A Love Song;188453
Wiz Khalifa;Black and Yellow;217666
Katy Perry;E.T.;229573
Britney Spears;I Wanna Go;210266
Gym Class Heroes;Stereo Hearts (feat. Adam Levine);210960
Edward Maya;Stereo Love - Radio Edit;184573
Enrique Iglesias;Tonight (I'm Fuckin' You);232213
Jeremih;Down On Me;228453
Sak Noel;Loca People - Radio Edit;215624
Olly Murs;Heart Skips a Beat (feat. Rizzle Kicks);202266
LMFAO;Sexy And I Know It;199480
Cobra Starship;You Make Me Feel... (feat. Sabi);215693
Jessie J;Do It Like A Dude;195240
DJ Fresh;Louder (feat. Sian Evans) - Radio Edit;206776
Waka Flocka Flame;No Hands (feat. Roscoe Dash & Wale);263773
Nickelback;When We Stand Together;190786
M83;Midnight City;243960
Britney Spears;Till the World Ends;237946
Labrinth;Earthquake (feat. Tinie Tempah);274600
Jason Derulo;Don't Wanna Go Home;206080
Coldplay;Paradise;278719
Katy Perry;Last Friday Night (T.G.I.F.);230746
Adele;Set Fire to the Rain;242973
Dr. Dre;I Need A Doctor;283733
Lil Wayne;6 Foot 7 Foot;248586
DJ Khaled;I'm On One;296146
Chris Brown;Look At Me Now (feat. Lil' Wayne & Busta Rhymes);222586
Far East Movement;Rocketeer;211253
The Wanted;Glad You Came;197935
Kesha;We R Who We R;204760
Kelly Rowland;Motivation;230560
Rihanna;We Found Love;215226
Nicole Scherzinger;Don't Hold Your Breath;197440
Mann;Buzzin Remix;224333
Chris Brown;Yeah 3x;241666
Swedish House Mafia;Save The World;213337
Kanye West;All Of The Lights;299613
Miguel;Sure Thing;195373
Diddy - Dirty Money;Coming Home;238693
Rihanna;What's My Name?;263173
Chris Brown;Beautiful People;225881
Avril Lavigne;What the Hell;220706
Professor Green;Read All About It;235735
Chase & Status;Blind Faith;233666
Chip;Champion (feat. Chris Brown);237293
Selena Gomez & The Scene;Who Says;195613
Rizzle Kicks;Down With The Trumpets;186851
Lady Gaga;Born This Way;260253
Nicki Minaj;Super Bass;200013
Mac Miller;Donald Trump;165908
Calvin Harris;Bounce (feat. Kelis) - Radio Edit;222186
David Guetta;Without You (feat. Usher);208133
Foster The People;Pumped Up Kicks;239600
Drake;Headlines;235986
Jessie J;Price Tag;223053
Jason Aldean;Dirt Road Anthem;229413
Wiz Khalifa;Roll Up;227773
OneRepublic;Good Life;253306
Bad Meets Evil;Lighters;303813
Bruno Mars;The Lazy Song;189109
Lupe Fiasco;The Show Goes On;239613
James Morrison;I Won't Let You Go;229303
Jason Derulo;It Girl;192200
Adele;Someone Like You;285240
Red Hot Chili Peppers;The Adventures of Rain Dance Maggie;282400
Keri Hilson;Pretty Girl Rock;243920
P!nk;F**kin' Perfect;213413
Blake Shelton;Honey Bee;210720
Lady Gaga;The Edge Of Glory;320546
Lady A;Just A Kiss;218840
Hot Chelle Rae;Tonight Tonight;200466
Grouplove;Tongue Tied;218013
Coldplay;Every Teardrop Is a Waterfall;240796
Beyoncé;Best Thing I Never Had;253746
P!nk;Raise Your Glass;202960
Christina Perri;Jar of Hearts;246587
Bruno Mars;Marry You;230192
The Band Perry;If I Die Young;222773
Lil Wayne;How To Love;240306
Charlene Soraia;Wherever You Will Go;197577
Christina Perri;A Thousand Years;285120
Rihanna;We Found Love;215226
Carly Rae Jepsen;Call Me Maybe;193400
fun.;We Are Young (feat. Janelle Monáe);250626
Sean Paul;She Doesn't Mind;227786
Pitbull;International Love (feat. Chris Brown);227280
DEV;In The Dark;226226
Adele;Skyfall;286480
David Guetta;Turn Me On (feat. Nicki Minaj);199680
Rihanna;Where Have You Been;242680
JAY-Z;Ni**as In Paris;219333
Maroon 5;One More Night;219546
Skrillex;Bangarang (feat. Sirah);215253
The Wanted;Chasing The Sun;198800
Flo Rida;Whistle;224653
will.i.am;This Is Love;279026
David Guetta;She Wolf (Falling to Pieces) [feat. Sia];222500
Nicki Minaj;Pound The Alarm;205640
Kendrick Lamar;Swimming Pools (Drank) - Extended Version;313786
MARINA;Primadonna;221075
Kanye West;Mercy;329320
DJ Fresh;Hot Right Now (feat. RITA ORA) - Radio Edit;182333
LMFAO;Sexy And I Know It;199480
PSY;Gangnam Style (강남스타일);219493
Kesha;Die Young;211920
Usher;Scream;234693
Olly Murs;Troublemaker (feat. Flo Rida);185586
Linkin Park;BURN IT DOWN;230253
Bruno Mars;Locked out of Heaven;233478
Avicii;Levels - Radio Edit;199906
Flo Rida;Good Feeling;248133
Rihanna;Diamonds;225146
Wiz Khalifa;Work Hard, Play Hard;219026
Katy Perry;Part Of Me;216160
Nicki Minaj;Starships;210626
Kendrick Lamar;m.A.A.d city;350120
Asaf Avidan & the Mojos;One Day / Reckoning Song (Wankelmut Remix) [Radio Edit];212360
Florence + The Machine;Spectrum (Say My Name) - Calvin Harris Remix;218190
Azealia Banks;212;204956
Maroon 5;Payphone;231173
James Arthur;Impossible;209440
Michel Teló;Ai Se Eu Te Pego - Live;166866
Otto Knows;Million Voices - Radio Edit;192866
Icona Pop;I Love It;156773
Tyga;Rack City;203200
Calvin Harris;Feel So Close - Radio Edit;206413
Jennifer Lopez;Dance Again;237266
Grimes;Oblivion;251266
Adele;Rumour Has It;223266
Coldplay;Paradise;278719
Chris Brown;Turn Up the Music;227973
Frank Ocean;Lost;234093
Calvin Harris;Let's Go (feat. Ne-Yo);232800
The Script;Hall of Fame (feat. will.i.am);202533
Swedish House Mafia;Don't You Worry Child - Radio Edit;212862
MARINA;How to Be a Heartbreaker;221493
Justin Bieber;Boyfriend;171333
David Guetta;Titanium (feat. Sia);245040
Jessie J;Domino;231840
Taylor Swift;I Knew You Were Trouble.;219720
ScHoolboy Q;Hands on the Wheel (feat. Asap Rocky);197131
P!nk;Try;247906
Robbie Williams;Candy;201053
Snoop Dogg;Young, Wild & Free (feat. Bruno Mars);207333
Justin Bieber;As Long As You Love Me;229466
Rita Ora;R.I.P. (feat. Tinie Tempah);228026
Alex Clare;Too Close;256613
Tyga;Faded;206666
Alesso;Years - ラジオ・エディット;195480
Guy Sebastian;Battle Scars (feat. Lupe Fiasco);250080
Katy Perry;The One That Got Away;227333
Avicii;Silhouettes - Original Radio Edit;211880
Gotye;Somebody That I Used To Know;244884
Flo Rida;Wild Ones (feat. Sia);232946
One Direction;What Makes You Beautiful;199986
Lana Del Rey;Born To Die;286253
Kesha;C'Mon;214333
Owl City;Good Time;205933
Calvin Harris;We'll Be Coming Back (feat. Example);234360
Emeli Sandé;Read All About It, Pt. III;283706
Ellie Goulding;Lights - Single Version;210853
Train;Drive By;195973
Disclosure;Latch;255631
Coldplay;Princess of China;239215
One Direction;Live While We're Young;200186
Gym Class Heroes;Ass Back Home (feat. Neon Hitch);222213
Carrie Underwood;Blown Away;240133
alt-J;Breezeblocks;227080
Chris Brown;Don't Wake Me Up;222306
Kelly Clarkson;Stronger (What Doesn't Kill You);221946
Drake;The Motto;181573
Katy Perry;Wide Awake;220946
Rita Ora;How We Do (Party);247026
Rudimental;Feel the Love (feat. John Newman);245186
Lana Del Rey;Ride;289080
Ne-Yo;Let Me Love You (Until You Learn To Love Yourself);251626
Demi Lovato;Give Your Heart a Break;205346
Drake;Take Care;277386
Little Mix;Wings;219733
Bruno Mars;It Will Rain;257720
Cher Lloyd;Want U Back;214013
Lorde;Royals;190185
Robin Thicke;Blurred Lines;263053
Imagine Dragons;Radioactive;186813
Avicii;Wake Me Up;247426
Bruno Mars;Locked out of Heaven;233478
Macklemore & Ryan Lewis;Thrift Shop (feat. Wanz);235613
Daft Punk;Get Lucky (feat. Pharrell Williams & Nile Rodgers) - Radio Edit;248413
will.i.am;Scream & Shout;283400
Stromae;Papaoutai;232146
Bingo Players;Get Up (Rattle) - Vocal Edit;166933
Naughty Boy;La La La;220779
Tom Odell;Another Love;244360
2 Chainz;We Own It (Fast & Furious);227906
David Guetta;Play Hard (feat. Ne-Yo & Akon);201000
Pitbull;Feel This Moment (feat. Christina Aguilera);229506
will.i.am;#thatPOWER;279506
Lil Wayne;Love Me;255053
Macklemore & Ryan Lewis;Can't Hold Us (feat. Ray Dalton);258342
Martin Garrix;Animals - Radio Edit;176117
Jason Derulo;Talk Dirty (feat. 2 Chainz);177685
John Newman;Love Me Again;239894
Britney Spears;Work B**ch;247853
The Neighbourhood;Sweater Weather;240400
Sebastian Ingrosso;Reload - Radio Edit;221272
Capital Cities;Safe And Sound;192693
Demi Lovato;Heart Attack;210840
Arctic Monkeys;Why'd You Only Call Me When You're High?;161123
Justin Bieber;Beauty And A Beat;227986
Eminem;The Monster;250188
Pitbull;Don't Stop the Party (feat. TJR);206120
Selena Gomez;Come & Get It;231986
P!nk;True Love (feat. Lily Allen);230733
Disclosure;White Noise;277687
Flo Rida;I Cry;223800
Kanye West;Black Skinhead;188013
Lana Del Rey;Summertime Sadness (Lana Del Rey Vs. Cedric Gervais) - Cedric Gervais Remix;214912
Eminem;Berzerk;238746
Icona Pop;I Love It (feat. Charli XCX);157152
Fall Out Boy;My Songs Know What You Did In The Dark (Light Em Up);186826
Lorde;Team;193058
Avicii;I Could Be The One (Avicii Vs. Nicky Romero) - Radio Edit;208316
Imagine Dragons;Demons;177506
One Direction;One Way or Another (Teenage Kicks);157293
Taylor Swift;I Knew You Were Trouble.;219720
Arctic Monkeys;Do I Wanna Know?;272394
Rudimental;Waiting All Night (feat. Ella Eyre);292586
Klangkarussell;Sonnentanz - Sun Don't Shine;238120
Calvin Harris;Drinking from the Bottle (feat. Tinie Tempah);240346
A$AP Rocky;F**kin' Problems (feat. Drake, 2 Chainz & Kendrick Lamar);233786
P!nk;Try;247906
Ylvis;The Fox (What Does the Fox Say?);213708
Ellie Goulding;Burn;231211
Baauer;Harlem Shake;196664
Calvin Harris;I Need Your Love (feat. Ellie Goulding);234506
Katy Perry;This Is How We Do;204285
AWOLNATION;Sail;259102
Duke Dumont;Need U (100%) [feat. A*M*E] - Radio Edit;174853
Jason Derulo;The Other Side;226986
Storm Queen;Look Right Through - MK Vocal Edit;150400
Calvin Harris;Sweet Nothing (feat. Florence Welch);212560
Katy Perry;Unconditionally;228878
Wale;Bad (feat. Rihanna) - Remix;238826
Ciara;Body Party;234040
Drake;Started From the Bottom;174120
Birdy;Wings;252106
Bastille;Of The Night;214205
Olly Murs;Dear Darlin';206373
Katy Perry;Roar;223546
Blake Shelton;Sure Be Cool If You Did;215720
Calvin Harris;Thinking About You (feat. Ayah Marar);247933
JAY-Z;Holy Grail;338413
Bridgit Mendler;Ready or Not;200946
The Saturdays;What About Us;220682
Bastille;Pompeii;214147
One Direction;Best Song Ever;200106
Nelly;Hey Porsche;209466
Zedd;Clarity;271426
Miley Cyrus;Wrecking Ball;221360
Chris Brown;Fine China;213666
Daft Punk;Lose Yourself to Dance (feat. Pharrell Williams);353893
Armin van Buuren;This Is What It Feels Like;204360
Justin Timberlake;Mirrors;484146
Bruno Mars;Treasure;178560
Of Monsters and Men;Little Talks;266600
Miley Cyrus;We Can't Stop;231240
J. Cole;Power Trip (feat. Miguel);241160
Paramore;Still into You;216013
Christina Perri;human;250706
Drake;Hold On, We're Going Home;227880
James Blunt;Bonfire Heart;238000
Maroon 5;Daylight;225066
Childish Gambino;3005;235662
Avril Lavigne;Here's to Never Growing Up;214080
Taylor Swift;22;232120
Passenger;Let Her Go;252866
Ariana Grande;The Way;227026
Rihanna;Stay;240706
Justin Timberlake;Suit & Tie (feat. Jay-Z);326280
Bruno Mars;When I Was Your Man;213826
Florida Georgia Line;Cruise;208960
Pharrell Williams;"Happy - From ""Despicable Me 2""";232720
Katy Perry;Dark Horse;215672
ScHoolboy Q;Collard Greens;299960
Iggy Azalea;Fancy;199938
Maroon 5;Animals;231013
Sam Smith;Stay With Me;172723
MAGIC!;Rude;224840
Sia;Chandelier;216120
John Legend;All of Me;269560
ZHU;Faded;223386
Meghan Trainor;All About That Bass;187920
David Guetta;Lovers on the Sun (feat. Sam Martin);203520
Iggy Azalea;Black Widow;209423
Tove Lo;Habits (Stay High);209160
Oliver Heldens;Gecko (Overdrive) - Radio Edit;165440
DJ Snake;You Know You Like It;247266
Jason Derulo;Talk Dirty (feat. 2 Chainz);177685
Maroon 5;Maps;189840
David Guetta;Bad (feat. Vassy) - Radio Edit;170625
Tinashe;2 On (feat. ScHoolboy Q);227000
Route 94;My Love (feat. Jess Glynne);259934
Taylor Swift;Bad Blood;211933
Trey Songz;Na Na;231906
Calvin Harris;Under Control (feat. Hurts);184280
O.T. Genasis;CoCo;239573
Jason Derulo;Wiggle (feat. Snoop Dogg);193295
Lilly Wood and The Prick;Prayer in C - Robin Schulz Radio Edit;189399
Jeremih;Don't Tell 'Em;266840
Nicki Minaj;Anaconda;260240
Calvin Harris;Blame (feat. John Newman);212960
DJ Snake;Turn Down for What;213733
Pitbull;Timber (feat. Ke$ha);204160
OneRepublic;Counting Stars;257386
Bobby Shmurda;Hot N*gga;194561
Calvin Harris;Summer;224506
ScHoolboy Q;Man Of The Year;216013
Nico & Vinz;Am I Wrong;245866
Becky G;Shower;206166
Sigma;Nobody To Love - Radio Edit;189720
The Chainsmokers;#SELFIE - Original Mix;183750
Lorde;Team;193058
Rixton;Me And My Broken Heart;193733
Klingande;Jubel - Radio Edit;201626
Mr. Probz;Waves - Robin Schulz Radio Edit;208133
Paloma Faith;Only Love Can Hurt Like This;232893
Kiesza;Hideaway;251986
Ellie Goulding;Burn;231211
Ariana Grande;Break Free;214840
Kid Ink;Show Me (feat. Chris Brown);217800
Tove Lo;Talking Body;238426
Chris Brown;Loyal (feat. Lil Wayne & Tyga);264946
OneRepublic;Love Runs Out;224226
Olly Murs;Up (feat. Demi Lovato);224293
Peking Duk;High (feat. Nicole Millar);228000
Milky Chance;Stolen Dance;313684
Ed Sheeran;Don't;219840
Ariana Grande;Love Me Harder;236133
Enrique Iglesias;Bailando - Spanish Version;243386
Avicii;Hey Brother;255093
Jessie J;Bang Bang;199386
Duke Dumont;I Got U;285596
Gorgon City;Ready For Your Love;198880
Taylor Swift;Style;231000
MKTO;Classic;175426
Disclosure;Latch;255631
Ariana Grande;Problem;193920
Charli XCX;Boom Clap;169866
One Direction;Steal My Girl;228133
Tiësto;Red Lights;263890
Selena Gomez;The Heart Wants What It Wants;227360
Rita Ora;I Will Never Let You Down;203466
5 Seconds of Summer;She Looks So Perfect;202496
The Script;Superheroes;245466
Taylor Swift;Shake It Off;219200
One Direction;Night Changes;226600
Ed Sheeran;Sing;235382
Alesso;Heroes (we could be);209866
Tiësto;Wasted;188371
G.R.L.;Ugly Heart;198306
Coldplay;A Sky Full of Stars;267866
Clean Bandit;Rather Be (feat. Jess Glynne);227833
Zedd;Stay The Night - Featuring Hayley Williams Of Paramore;217346
Sia;Elastic Heart;257200
One Direction;Story of My Life;245493
Alex & Sierra;Little Do You Know;185200
Omarion;Post to Be (feat. Chris Brown & Jhene Aiko);226580
Echosmith;Cool Kids;237626
Natalie La Rose;Somebody;189906
Vance Joy;Riptide;204280
Beyoncé;Drunk in Love (feat. Jay-Z);323480
Maroon 5;Sugar;235493
Ella Henderson;Ghost;213213
Ed Sheeran;"I See Fire - From ""The Hobbit - The Desolation Of Smaug""";300840
Chris Brown;New Flame (feat. Usher & Rick Ross);244226
Sheppard;Geronimo;218227
Olly Murs;Wrapped Up (feat. Travie McCoy);185640
Sam Smith;Money On My Mind;192670
Jason Derulo;Trumpets;217306
Nicki Minaj;Bed Of Lies;269946
Nick Jonas;Jealous - Remix;222213
Mark Ronson;Uptown Funk (feat. Bruno Mars);269666
Ed Sheeran;Thinking out Loud;281560
Wiz Khalifa;See You Again (feat. Charlie Puth);229525
Justin Bieber;What Do You Mean?;205680
Major Lazer;Lean On (feat. MØ & DJ Snake);176561
The Weeknd;"Earned It (Fifty Shades Of Grey) - From The ""Fifty Shades Of Grey"" Soundtrack";252226
Ellie Goulding;"Love Me Like You Do - From ""Fifty Shades Of Grey""";252534
Calvin Harris;Outside (feat. Ellie Goulding);227266
David Guetta;Hey Mama (feat. Nicki Minaj, Bebe Rexha & Afrojack);192560
Demi Lovato;Cool for the Summer;214746
Taylor Swift;Blank Space;231826
The Weeknd;The Hills;242253
The Neighbourhood;Daddy Issues;260173
Deorro;Five More Hours;211975
Avicii;The Nights;176658
DJ Snake;You Know You Like It;247266
Adam Lambert;Ghost Town;208330
Rae Sremmurd;No Type;200080
Taylor Swift;Bad Blood;200106
Flo Rida;GDFR (feat. Sage the Gemini & Lookas);190185
Robin Schulz;Sugar (feat. Francesco Yates);219043
Calvin Harris;How Deep Is Your Love;212640
Philip George;Wish You Were Mine - Radio Edit;177560
Trey Songz;Na Na;231906
Fall Out Boy;Centuries;228360
Rob $tone;Chill Bill (feat. J. Davi$ & Spooks);177184
Lost Frequencies;Are You With Me - Radio Edit;138842
Twenty One Pilots;Stressed Out;202333
Fifth Harmony;Worth It (feat. Kid Ink);224573
KALEO;Way down We Go;219560
Sam Smith;Like I Can;167065
Major Lazer;Light It Up (feat. Nyla & Fuse ODG) - Remix;166138
Martin Solveig;Intoxicated - New Radio Mix;159693
Avicii;Waiting For Love;230613
Felix Jaehn;Ain't Nobody (Loves Me Better) (feat. Jasmine Thompson);186146
Taylor Swift;Wildest Dreams;220440
The Weeknd;In The Night;235653
Pitbull;Time of Our Lives;229360
Galantis;Runaway (U & I);227073
Rihanna;Bitch Better Have My Money;219305
Zara Larsson;Lush Life;202213
One Direction;Drag Me Down;192120
Travis Scott;Antidote;262693
Years & Years;King;215360
Demi Lovato;Confident;205745
Lemaitre;Closer;270589
Selena Gomez;Same Old Love;229080
Pia Mia;Do It Again;207746
Flo Rida;My House;192190
Silentó;Watch Me (Whip / Nae Nae);185131
Chris Brown;Ayo;225226
The Strumbellas;Spirits;203653
Fetty Wap;Trap Queen;222093
Tove Lo;Talking Body;238426
Beyoncé;7-Nov;213506
Lana Del Rey;High By The Beach;257573
Zara Larsson;Never Forget You;213427
Jeremih;oui;238320
Drake;Hotline Bling;267066
Selena Gomez;Kill Em With Kindness;217906
Birdy;Let It All Go;280757
Fetty Wap;679 (feat. Remy Boyz);196693
Ariana Grande;Love Me Harder;236133
The Weeknd;Can't Feel My Face;213520
SAYGRACE;You Don't Own Me (feat. G-Eazy);199314
X Ambassadors;Renegades;195200
R. City;Locked Away (feat. Adam Levine);227480
Kygo;Stole the Show;223186
Tame Impala;The Less I Know The Better;216320
Selena Gomez;Good For You;221560
Fetty Wap;My Way (feat. Monty);213053
Hozier;Take Me To Church;241688
Taylor Swift;Style;231000
Alessia Cara;Here;199453
Sam Smith;"Writing's On The Wall - From ""Spectre"" Soundtrack";278987
David Guetta;Bang My Head (feat. Sia & Fetty Wap);193333
Meek Mill;All Eyes on You (feat. Chris Brown & Nicki Minaj);223973
Big Sean;I Don't Fuck With You;284386
Kygo;Firestone;271640
Drake;Jumpman;205879
Petit Biscuit;Sunset Lover;237792
Shawn Mendes;Stitches;206880
Flo Rida;I Don't Like It, I Love It (feat. Robin Thicke & Verdine White);224258
Selena Gomez;The Heart Wants What It Wants;227373
Jack Ü;Where Are Ü Now (with Justin Bieber);250285
Ellie Goulding;On My Mind;213445
Bryson Tiller;Don't;198293
Rich Homie Quan;Flex (Ooh, Ooh, Ooh);176674
Joel Adams;Please Don't Go;210580
Zedd;I Want You To Know;238800
Jonas Blue;Fast Car;212424
BØRNS;Electric Love;218173
Sigala;Easy Love;229813
Justin Bieber;Sorry;200786
Ariana Grande;One Last Time;197266
Little Mix;Black Magic;211773
One Direction;Perfect;230333
Years & Years;Shine;255506
Meghan Trainor;Lips Are Movin;182666
Nicky Jam;El Perdón - Forgiveness;206666
The Weeknd;Starboy;230453
Drake;One Dance;173986
Justin Bieber;Love Yourself;233720
The Chainsmokers;Closer;244960
Adele;Hello;295502
Desiigner;Panda;246761
Burak Yeter;Tuesday (feat. Danelle Sandoval);241874
Sia;Cheap Thrills (feat. Sean Paul);224813
OneRepublic;Wherever I Go;169773
Rihanna;Work;219320
Coldplay;Hymn for the Weekend;258266
Justin Bieber;Sorry;200786
Justin Timberlake;"CAN'T STOP THE FEELING! (from DreamWorks Animation's ""TROLLS"")";236001
WILLOW;Wait a Minute!;196520
Desiigner;Tiimmy Turner;239853
G-Eazy;Me, Myself & I;251466
David Guetta;This One's for You (feat. Zara Larsson) (Official Song UEFA EURO 2016);207272
Astrid S;Hurts So Good;208728
Lil Wayne;Sucker for Pain (with Wiz Khalifa, Imagine Dragons, Logic & Ty Dolla $ign feat. X Ambassadors);243490
Twenty One Pilots;Heathens;195920
Future;Low Life (feat. The Weeknd);313546
Galantis;No Money;189126
The Chainsmokers;Don't Let Me Down;208373
Tinie Tempah;Girls Like (feat. Zara Larsson);196000
Alok;Hear Me Now;192846
Jon Bellion;All Time Low;217603
Cheat Codes;Sex;228361
Meghan Trainor;NO;213506
Dua Lipa;Hotter Than Hell;187957
Martin Garrix;In the Name of Love;195706
Alan Walker;Faded;212106
Tove Lo;Cool Girl;197815
DJ Snake;Let Me Love You;205946
Calvin Harris;This Is What You Came For (feat. Rihanna);222160
Mike Posner;I Took A Pill In Ibiza - Seeb Remix;197933
Kevin Gates;2 Phones;240000
Rihanna;Needed Me;191600
Ariana Grande;Side To Side;226160
Marshmello;Alone;273802
Shawn Mendes;I Know What You Did Last Summer;223853
Selena Gomez;Same Old Love;229080
Calvin Harris;My Way;219159
Fitz and The Tantrums;HandClap;193253
Twenty One Pilots;Ride;214506
Flo Rida;My House;192190
Ariana Grande;Dangerous Woman;235946
Anne-Marie;Alarm;205593
Charlie Puth;We Don't Talk Anymore (feat. Selena Gomez);217706
AlunaGeorge;I'm In Control;209425
Enrique Iglesias;DUELE EL CORAZON (feat. Wisin);199693
MNEK;Never Forget You;213427
Mike Perry;The Ocean (feat. Shy Martin);183414
Drake;Hotline Bling;267066
Ariana Grande;Into You;244453
Shawn Mendes;Treat You Better;187973
Tory Lanez;Say It;237786
Coldplay;Adventure of a Lifetime;263786
Kungs;This Girl - Kungs Vs. Cookin' On 3 Burners;195561
SAYGRACE;You Don't Own Me (feat. G-Eazy);201493
X Ambassadors;Renegades;195200
DNCE;Cake By The Ocean;219146
99 Souls;The Girl Is Mine;216613
Illy;Papercuts (feat. Vera Blue);255889
Kiiara;Gold;225882
Kygo;Stole the Show;222813
Fifth Harmony;Work from Home (feat. Ty Dolla $ign);214480
Drake;Pop Style;212946
ZAYN;PILLOWTALK;203686
Alessia Cara;Here;199453
DJ Snake;Middle;220573
Sigala;Sweet Lovin' - Radio Edit;202149
Drake;Jumpman;205879
Charlie Puth;Dangerously;199133
Nick Jonas;Close;234213
Jonas Blue;Perfect Strangers;196613
Major Lazer;Cold Water (feat. Justin Bieber & MØ);185351
The Chainsmokers;Roses;226738
Tory Lanez;LUV;228640
P!nk;"Just Like Fire (From the Original Motion Picture ""Alice Through The Looking Glass"")";215413
Bryson Tiller;Don't;198293
Steve Aoki;Just Hold On;198774
Clean Bandit;Tears (feat. Louisa Johnson);225914
Jonas Blue;Fast Car;212424
Flume;Never Be Like You;233337
Bastille;Good Grief;206493
Sia;The Greatest (feat. Kendrick Lamar);210226
PARTYNEXTDOOR;Not Nice;202661
Garrett Nash;i hate u, i love u (feat. olivia o'brien);251033
Hilltop Hoods;1955;239280
Fifth Harmony;All In My Head (Flex) (feat. Fetty Wap);210573
Daya;Sit Still, Look Pretty;202221
Kent Jones;Don't Mind;198236
Flume;Say It;262521
Bryson Tiller;Exchange;194613
MØ;Final Song;235826
Beyoncé;Sorry;232560
Little Mix;Shout Out to My Ex;246240
The Lumineers;Ophelia;160097
Frank Ocean;Pink + White;184516
Drake;Too Good;263373
Ed Sheeran;Shape of You;233712
Sean Paul;No Lie;221176
Luis Fonsi;Despacito (Featuring Daddy Yankee);228200
Sam Smith;Too Good At Goodbyes;201000
Clean Bandit;Rockabye (feat. Sean Paul & Anne-Marie);251088
Camila Cabello;Havana (feat. Young Thug);216896
Imagine Dragons;Thunder;187146
Maroon 5;Don't Wanna Know (feat. Kendrick Lamar);214265
The Chainsmokers;Something Just Like This;247160
Ed Sheeran;Perfect;263400
MGMT;Little Dark Age;299960
Travis Scott;goosebumps;243836
Billie Eilish;Bored;180933
Future;Mask Off;204600
G-Eazy;Him & I;268866
Maroon 5;Cold (feat. Future);234308
Rae Sremmurd;Swang;208120
Lil Peep;Save That Shit;231546
A$AP Ferg;Plain Jane;173600
French Montana;Unforgettable;233901
21 Savage;Bank Account;220306
Axwell /\ Ingrosso;More Than You Know;203000
ZAYN;Dusk Till Dawn (feat. Sia) - Radio Edit;239000
J Balvin;Mi Gente;189029
Jax Jones;You Don't Know Me - Radio Edit;213946
Rae Sremmurd;Black Beatles;291893
Zara Larsson;Ain't My Fault;224030
Travis Scott;BUTTERFLY EFFECT;190677
Ayo & Teo;Rolex;238586
Lil Uzi Vert;XO Tour Llif3;182706
Imagine Dragons;Whatever It Takes;201240
Rob $tone;Chill Bill (feat. J. Davi$ & Spooks);177184
Jason Derulo;Swalla (feat. Nicki Minaj & Ty Dolla $ign);216408
G-Eazy;No Limit;245386
Playboi Carti;Magnolia;181812
Chord Overstreet;Hold On;198853
Jax Jones;Breathe;207629
Imagine Dragons;Believer;204346
Natti Natasha;Criminal;232549
Kendrick Lamar;HUMBLE.;177000
Selena Gomez;Fetish (feat. Gucci Mane);186112
Charlie Puth;Attention;211475
Big Shaq;Man's Not Hot;186026
Anne-Marie;Ciao Adios;200104
Rag'n'Bone Man;Human;200186
blackbear;do re mi;212027
Lil Pump;Gucci Gang;124055
Taylor Swift;Look What You Made Me Do;211853
Enrique Iglesias;SUBEME LA RADIO (feat. Descemer Bueno & Zion & Lennox);207680
Kodak Black;Tunnel Vision;268186
Kendrick Lamar;DNA.;185946
A Boogie Wit da Hoodie;Drowning (feat. Kodak Black);209269
XXXTENTACION;Jocelyn Flores;119133
Migos;Bad and Boujee (feat. Lil Uzi Vert);343150
Yo Gotti;Rake It Up (feat. Nicki Minaj);276333
Martin Garrix;Scared to Be Lonely;220883
Jonas Blue;Mama;181614
Martin Jensen;Solo Dance;174933
Taylor Swift;...Ready For It?;208186
David Guetta;2U (feat. Justin Bieber);194896
Migos;Slippery (feat. Gucci Mane);304041
Shawn Mendes;There's Nothing Holdin' Me Back;199440
G-Eazy;Good Life (with G-Eazy & Kehlani);225520
The Vamps;All Night;197640
Dua Lipa;New Rules;212000
Cardi B;Bodak Yellow;223962
Rag'n'Bone Man;Skin;239626
Zara Larsson;I Would Like;226720
DJ Khaled;Wild Thoughts (feat. Rihanna & Bryson Tiller);204173
Post Malone;Congratulations;220293
Avicii;Without You (feat. Sandro Cavazza);181672
Clean Bandit;Symphony (feat. Zara Larsson);214866
Katy Perry;Chained To The Rhythm;237733
Zay Hilfigerrr;Juju on That Beat (TZ Anthem);144244
Calvin Harris;Feels (feat. Pharrell Williams, Katy Perry & Big Sean);223413
Migos;T-Shirt;242407
OneRepublic;Rich Love (with Seeb);201256
Maggie Lindemann;Pretty Girl - Cheat Codes X CADE Remix;193613
Macklemore;Glorious (feat. Skylar Grey);220454
Hayden James;NUMB;217296
Liam Payne;Strip That Down;204502
Drake;Passionfruit;298940
Justin Bieber;Friends (with BloodPop®);189466
ZAYN;"I Don’t Wanna Live Forever (Fifty Shades Darker) - From ""Fifty Shades Darker (Original Motion Picture Soundtrack)""";245200
Alessia Cara;Scars To Your Beautiful;230226
2 Chainz;It's A Vibe;210200
Starley;Call on Me - Ryan Riback Remix;222040
AJR;Weak;201160
Lana Del Rey;Lust for Life (with The Weeknd);264011
CNCO;Reggaetón Lento (Remix);188786
The Vamps;Middle Of The Night;174600
The Weeknd;I Feel It Coming;269186
The Chainsmokers;Paris;221506
Big Sean;Bounce Back;222360
Shawn Mendes;Mercy;208733
Avicii;Lonely Together (feat. Rita Ora);181812
Cheat Codes;No Promises (feat. Demi Lovato);223503
Bruno Mars;24K Magic;225983
Lorde;Homemade Dynamite - REMIX;214254
Kygo;It Ain't Me (with Selena Gomez);220780
Drake;God's Plan;198973
Post Malone;rockstar (feat. 21 Savage);218146
Offset;Ric Flair Drip (with Metro Boomin);172800
G-Eazy;Him & I (with Halsey);268866
Dynoro;In My Mind;184560
Juice WRLD;Lucid Dreams;239835
Zedd;The Middle;184732
Marshmello;FRIENDS;202620
Cardi B;I Like It;253390
XXXTENTACION;Moonlight;135090
Ariana Grande;no tears left to cry;205920
Sheck Wes;Mo Bamba;183906
Calvin Harris;One Kiss (with Dua Lipa);214846
Tyga;Taste (feat. Offset);232959
Travis Scott;SICKO MODE;312820
Imagine Dragons;Natural;189466
DJ Snake;Taki Taki (with Selena Gomez, Ozuna & Cardi B);212500
Marshmello;Spotlight;177600
The Weeknd;Pray For Me (with Kendrick Lamar);211440
Billie Eilish;lovely (with Khalid);200185
Migos;Walk It Talk It;276147
Clean Bandit;Solo (feat. Demi Lovato);222653
Drake;Nonstop;238614
6ix9ine;FEFE;179404
The Weeknd;Call Out My Name;228373
Nio Garcia;Te Boté - Remix;417920
Migos;MotorSport;303076
Nicky Jam;X;172854
XXXTENTACION;SAD!;166605
Becky G;Sin Pijama;188560
Machine Gun Kelly;Home (with Machine Gun Kelly, X Ambassadors & Bebe Rexha);202804
6ix9ine;GUMMO;157643
Jax Jones;Breathe;207629
The Chainsmokers;Sick Boy;193200
Jay Rock;King's Dead (with Kendrick Lamar, Future & James Blake);229670
Rich The Kid;Plug Walk;175229
Kendrick Lamar;All The Stars (with SZA);232186
Logic;Everyday;204746
Jason Derulo;Tip Toe (feat. French Montana);187521
Ariana Grande;God is a woman;197546
Rae Sremmurd;Powerglide (feat. Juicy J) - From SR3MM;332300
EO;German;170825
Dennis Lloyd;Nevermind;156600
girl in red;we fell in love in october;184153
Selena Gomez;Wolves;197993
Tiësto;Jackie Chan;215759
Tom Walker;Leave a Light On;185863
Sofía Reyes;1, 2, 3 (feat. Jason Derulo & De La Ghetto);201526
Marshmello;Silence;180822
5 Seconds of Summer;Youngblood;203417
Loud Luxury;Body (feat. brando);163216
Liam Payne;For You (Fifty Shades Freed) (& Rita Ora);245453
NF;Let You Down;212120
XXXTENTACION;changes;121886
Maluma;Corazón (feat. Nego do Borel);184720
Cardi B;Bodak Yellow;223712
Lil Baby;Yes Indeed;142273
Jonas Blue;Rise;194407
David Guetta;Flames;194680
Ozuna;Vaina Loca;176133
Charlie Puth;How Long;200853
Post Malone;Better Now;231266
BlocBoy JB;Look Alive (feat. Drake);181263
Eminem;River (feat. Ed Sheeran);221013
Marshmello;Happier;214289
Dean Lewis;Be Alright;196373
Charlie Puth;Done for Me (feat. Kehlani);180493
Migos;Stir Fry;190288
YG;BIG BANK (feat. 2 Chainz, Big Sean, Nicki Minaj);237240
Drake;In My Feelings;217925
B Young;Jumanji;173153
Charlie Puth;The Way I Am;186080
Reik;Me Niego (feat. Ozuna & Wisin);221653
benny blanco;Eastside (with Halsey & Khalid);173799
Luis Fonsi;Échame La Culpa;173720
MK;17;196489
Rita Ora;Anywhere;215064
Banx & Ranx;Answerphone (feat. Yxng Bane);190920
Ella Mai;Trip;213993
Daddy Yankee;Dura;200480
DJ Khaled;No Brainer;260000
Anne-Marie;2002;186986
FINNEAS;Let's Fall in Love for the Night;190348
Hugh Jackman;The Greatest Show;302146
Halsey;Bad At Love;181279
Drake;I'm Upset;214466
Camila Cabello;Never Be the Same;226973
M.O;Bad Vibe;214253
Dua Lipa;IDGAF;217946
Cashmere Cat;Miss You (with Major Lazer & Tory Lanez);186231
Bazzi;Mine;131064
Lil Dicky;Freaky Friday (feat. Chris Brown);216631
Lauv;I Like Me Better;197436
The Chainsmokers;This Feeling;197946
Maroon 5;Girls Like You (feat. Cardi B) - Cardi B Version;235545
Khalid;Love Lies (with Normani);201707
Drake;Nice For What;210746
Kendrick Lamar;LOVE. FEAT. ZACARI.;213400
Post Malone;Psycho (feat. Ty Dolla $ign);221440
Lil Nas X;Old Town Road - Remix;157066
Billie Eilish;bad guy;194087
Shawn Mendes;Señorita;190799
Ariana Grande;7 rings;178626
Post Malone;Sunflower - Spider-Man: Into the Spider-Verse;157560
Gesaffelstein;Lost in the Fire (feat. The Weeknd);202093
Halsey;Without Me;201660
Regard;Ride It;157605
Lady Gaga;Shallow;215733
Mark Ronson;Nothing Breaks Like a Heart (feat. Miley Cyrus);217466
Lewis Capaldi;Someone You Loved;182160
Jax Jones;All Day And Night;169303
Mustard;Pure Water (with Migos);192470
NLE Choppa;Shotta Flow (feat. Blueface) [Remix];176631
Kodak Black;ZEZE (feat. Travis Scott & Offset);228759
Daddy Yankee;Con Calma;193226
Alec Benjamin;Let Me Down Slowly;169353
BLACKPINK;Kill This Love;189052
Offset;Clout (feat. Cardi B);205803
MEDUZA;Piece Of Your Heart;152913
Ed Sheeran;Antisocial (with Travis Scott);161746
Travis Scott;SICKO MODE;312820
Mabel;Mad Love;169813
Lana Del Rey;Doin' Time;202192
DJ Snake;Taki Taki (feat. Selena Gomez, Ozuna & Cardi B);212500
A Boogie Wit da Hoodie;Look Back at It;179449
Saweetie;My Type;126446
Lil Tecca;Ransom;131240
Russ Millions;Keisha & Becky - Remix;252906
Billie Eilish;lovely (with Khalid);200185
Mabel;Don't Call Me Up;178480
Lil Nas X;Old Town Road;113000
Meek Mill;Going Bad (feat. Drake);180522
Post Malone;Wow.;149546
Doja Cat;Juicy;202333
A Boogie Wit da Hoodie;Swervin (feat. 6ix9ine);189486
iann dior;emotions;131213
Paulo Londra;Adan y Eva;256971
Drake;Money In The Grave (Drake ft. Rick Ross);205426
Lil Nas X;Panini;114893
Bad Bunny;MIA (feat. Drake);210367
Polo G;Pop Out (feat. Lil Tjay);166560
Juice WRLD;Robbery;240050
21 Savage;a lot;288624
Young Thug;The London (feat. J. Cole & Travis Scott);200106
Anuel AA;China;301714
Camila Cabello;Liar;207038
Flipp Dinero;Leave Me Alone;195637
Cardi B;Money;183527
Ariana Grande;break up with your girlfriend, i'm bored;190440
Dave;Location (feat. Burna Boy);241293
Ava Max;Sweet but Psycho;187436
Dua Lipa;Don't Start Now;183290
Young T & Bugsey;Strike a Pose (feat. Aitch);214203
Calvin Harris;Giant (with Rag'n'Bone Man);229184
Ed Sheeran;Take Me Back to London (feat. Stormzy);189733
Cardi B;Please Me;200889
Stormzy;Vossi Bop;196266
Tones And I;Dance Monkey;209438
Ariana Grande;boyfriend (with Social House);186106
Bad Bunny;Callaita;250533
Ava Max;So Am I;183026
Pedro Capó;Calma - Remix;238200
J. Cole;MIDDLE CHILD;213593
Lunay;Soltera - Remix;266086
Khalid;Better;229412
Blueface;Thotiana;129264
DaBaby;Suge;163320
AJ Tracey;Ladbroke Grove;190537
Billie Eilish;bury a friend;193143
BTS;Boy With Luv (feat. Halsey);229773
Wiley;Boasty (feat. Idris Elba);177185
Jonas Brothers;Only Human;183000
5 Seconds of Summer;Easier;157492
Avicii;SOS (feat. Aloe Blacc);157202
Ashley O;On A Roll;154447
Dominic Fike;3 Nights;177666
Sigala;Wish You Well;205653
Megan Thee Stallion;Hot Girl Summer (feat. Nicki Minaj & Ty Dolla $ign);199427
Anuel AA;Secreto;258800
Sam Feldt;Post Malone (feat. RANI);174444
Kehlani;Nights Like This (feat. Ty Dolla $ign);201787
Sech;Otro Trago;225933
Post Malone;Better Now;231266
Ed Sheeran;Cross Me (feat. Chance the Rapper & PnB Rock);206186
Lauv;i'm so tired...;162582
iann dior;gone girl;136568
Panic! At The Disco;High Hopes;190946
Marshmello;One Thing Right;181823
Sam Smith;How Do You Sleep?;202204
NSG;Options;240081
Normani;Motivation;193837
Joel Corry;Sorry;188640
Post Malone;Goodbyes (Feat. Young Thug);174960
Jonas Brothers;Sucker;181026
Taylor Swift;Cruel Summer;178426
Blanco Brown;The Git Up;200593
Sam Smith;Dancing With A Stranger (with Normani);171029
Post Malone;Circles;215280