artist;song;explicit
Britney Spears;Oops!...I Did It Again;FALSE
blink-182;All The Small Things;FALSE
Faith Hill;Breathe;FALSE
Bon Jovi;It's My Life;FALSE
*NSYNC;Bye Bye Bye;FALSE
Sisqo;Thong Song;TRUE
Eminem;The Real Slim Shady;TRUE
Robbie Williams;Rock DJ;FALSE
Destiny's Child;Say My Name;FALSE
Modjo;Lady - Hear Me Tonight;FALSE
Gigi D'Agostino;L'Amour Toujours;FALSE
Eiffel 65;Move Your Body - Gabry Ponte Original Radio Edit;FALSE
Bomfunk MC's;Freestyler;FALSE
Sting;Desert Rose;FALSE
Melanie C;Never Be The Same Again;FALSE
Aaliyah;Try Again;FALSE
Anastacia;I'm Outta Love - Radio Edit;FALSE
Alice Deejay;Better Off Alone;FALSE
Gigi D'Agostino;The Riddle;FALSE
Dr. Dre;The Next Episode;TRUE
Linkin Park;In the End;FALSE
Tom Jones;Sexbomb;FALSE
Sonique;It Feels So Good;FALSE
M.O.P.;Cold as Ice;TRUE
Melanie C;I Turn To You;FALSE
Limp Bizkit;Take A Look Around;FALSE
Darude;Sandstorm;FALSE
Da Brat;What'chu Like (feat. Tyrese);TRUE
Moloko;The Time Is Now;FALSE
Chicane;Don't Give Up;FALSE
DMX;Party Up;TRUE
Debelah Morgan;Dance with Me;FALSE
Madonna;Music;FALSE
Ruff Endz;No More;FALSE
Britney Spears;Born to Make You Happy;FALSE
Montell Jordan;Get It On Tonite;FALSE
Kylie Minogue;Spinning Around;FALSE
JAY-Z;Big Pimpin';TRUE
LeAnn Rimes;I Need You;FALSE
Avant;Separated;FALSE
Enrique Iglesias;Be With You;FALSE
Toni Braxton;He Wasn't Man Enough;FALSE
Bow Wow;Bounce With Me (feat. Xscape) - Edited Album Version;FALSE
Dr. Dre;Forgot About Dre;TRUE
Missy Elliott;Hot Boyz;TRUE
Backstreet Boys;Show Me the Meaning of Being Lonely;FALSE
Samantha Mumba;Gotta Tell You;FALSE
Mýa;Case Of The Ex (Whatcha Gonna Do);FALSE
Mary Mary;Shackles (Praise You);FALSE
Next;Wifey;FALSE
Janet Jackson;Doesn't Really Matter;FALSE
Ricky Martin;She Bangs - English Version;FALSE
Jagged Edge;He Can't Love U;FALSE
Sisqo;Incomplete;TRUE
JAY-Z;I Just Wanna Love U (Give It 2 Me);TRUE
Mariah Carey;Thank God I Found You (feat. Joe & 98°);FALSE
Baha Men;Who Let The Dogs Out;FALSE
Donell Jones;"U Know What's Up (feat. Lisa ""Left Eye"" Lopes)";TRUE
LeAnn Rimes;Can't Fight The Moonlight;FALSE
Oasis;Go Let It Out;FALSE
DJ Ötzi;Hey Baby (Radio Mix);FALSE
P!nk;Most Girls;FALSE
Mariah Carey;Against All Odds (Take A Look at Me Now) (feat. Westlife);FALSE
Craig David;Fill Me In;FALSE
Christina Aguilera;I Turn to You;FALSE
Madonna;American Pie;FALSE
Red Hot Chili Peppers;Otherside;FALSE
Sammie;I Like It;FALSE
Craig David;7 Days;FALSE
Santana;Maria Maria (feat. The Product G&B);FALSE
Kandi;Don't Think I'm Not;FALSE
P!nk;There You Go;FALSE
Vengaboys;Shalala Lala;FALSE
Ronan Keating;Life Is A Rollercoaster;FALSE
Madison Avenue;Don't Call Me Baby;FALSE
Destiny's Child;Jumpin', Jumpin';FALSE
Céline Dion;That's the Way It Is;FALSE
3 Doors Down;Kryptonite;FALSE
Carl Thomas;I Wish;FALSE
Mystikal;Shake Ya Ass;TRUE
Fuel;Hemorrhage (In My Hands);FALSE
Donell Jones;Where I Wanna Be;FALSE
Savage Garden;Crash and Burn;FALSE
Westlife;My Love;FALSE
All Saints;Pure Shores;FALSE
Destiny's Child;Independent Women, Pt. 1;FALSE
*NSYNC;It's Gonna Be Me;FALSE
Erykah Badu;Bag Lady;FALSE
Marc Anthony;You Sang To Me;FALSE
Matchbox Twenty;Bent;FALSE
Gabrielle;Rise;FALSE
Backstreet Boys;Shape of My Heart;FALSE
Creed;With Arms Wide Open;FALSE
The Corrs;Breathless;FALSE
Joe;I Wanna Know;FALSE
Wheatus;Teenage Dirtbag;TRUE
Christina Aguilera;Come on over Baby (All I Want Is You) - Radio Version;FALSE
Creed;Higher;FALSE
Britney Spears;Lucky;FALSE
Nelly;Country Grammar (Hot Shit);TRUE
Shaggy;It Wasn't Me;FALSE
Destiny's Child;Survivor;FALSE
Eminem;Stan;TRUE
Kylie Minogue;Can't Get You out of My Head;FALSE
Christina Aguilera;"Lady Marmalade - From ""Moulin Rouge"" Soundtrack";FALSE
Nelly Furtado;I'm Like A Bird;FALSE
Shakira;Whenever, Wherever;FALSE
Jimmy Eat World;The Middle;FALSE
Train;Drops of Jupiter (Tell Me);FALSE
Geri Halliwell;It's Raining Men;FALSE
Blu Cantrell;Hit 'Em Up Style (Oops!);FALSE
Britney Spears;I'm a Slave 4 U;FALSE
Kylie Minogue;In Your Eyes;FALSE
Missy Elliott;One Minute Man (feat. Ludacris);TRUE
Mary J. Blige;Family Affair;FALSE
Faithless;We Come 1 - Radio Edit;FALSE
Limp Bizkit;Rollin' (Air Raid Vehicle);TRUE
Lasgo;Something;FALSE
iio;Rapture (feat.Nadia Ali);FALSE
Emma Bunton;What Took You So Long?;FALSE
112;It's Over Now;FALSE
Blue;All Rise;FALSE
Jessica Simpson;Irresistible;FALSE
Crazy Town;Butterfly;FALSE
Michael Jackson;You Rock My World;FALSE
Eve;Let Me Blow Ya Mind;TRUE
Jennifer Lopez;Ain't It Funny;FALSE
Brandy;Another Day in Paradise - R&B-Version;FALSE
Nickelback;How You Remind Me;FALSE
Daft Punk;One More Time;FALSE
Outkast;Ms. Jackson;TRUE
Fragma;Everytime You Need Me - Radio Version;FALSE
Mariah Carey;Loverboy;FALSE
Dido;Thank You;FALSE
Joe;Stutter (feat. Mystikal) - Double Take Remix;FALSE
P.O.D.;Youth of the Nation;FALSE
Jennifer Lopez;Play;TRUE
Missy Elliott;Get Ur Freak On;TRUE
Ricky Martin;Nobody Wants to Be Lonely (with Christina Aguilera);FALSE
Christina Milian;AM To PM;FALSE
Roger Sanchez;Another Chance;FALSE
Gorillaz;Clint Eastwood;TRUE
2Pac;Until The End Of Time;TRUE
Tamia;Stranger in My House;FALSE
Mary J. Blige;No More Drama;FALSE
Jennifer Lopez;Love Don't Cost a Thing;FALSE
Jamiroquai;Little L;FALSE
Case;Missing You;FALSE
112;Peaches & Cream;FALSE
Five;Let's Dance - Radio Edit;FALSE
Rui Da Silva;Touch Me (Radio Edit) [feat. Cassandra];FALSE
Alien Ant Farm;Smooth Criminal;FALSE
Erick Sermon;Music (feat. Marvin Gaye);TRUE
D12;Purple Pills;TRUE
Usher;Pop Ya Collar - Radio Edit;FALSE
Madonna;Don't Tell Me;FALSE
Blue;If You Come Back;FALSE
Atomic Kitten;Eternal Flame - Single Version;FALSE
Jagged Edge;Where the Party At (feat. Nelly);FALSE
Afroman;Because I Got High;TRUE
S Club 7;Don't Stop Movin';FALSE
Craig David;Fill Me In;FALSE
Nelly Furtado;Turn Off The Light;FALSE
The Supermen Lovers;Starlight - Radio Edit;FALSE
Mis-Teeq;All I Want - Sunship Radio Edit;FALSE
Jagged Edge;Promise;FALSE
S Club 7;Have You Ever;FALSE
Enya;Only Time;FALSE
Faith Hill;There You'll Be;FALSE
Ronan Keating;Lovin' Each Day;FALSE
Destiny's Child;Bootylicious;FALSE
Steps;It's the Way You Make Me Feel;FALSE
Sunshine Anderson;Heard It All Before;FALSE
Lenny Kravitz;Again;FALSE
Daniel Bedingfield;Gotta Get Thru This - D'N'D Radio Edit;FALSE
DB Boulevard;Point Of View - Radio Edit;FALSE
Janet Jackson;All For You;FALSE
Atomic Kitten;Whole Again;FALSE
Ja Rule;Livin' It Up;FALSE
Destiny's Child;Independent Women, Pt. 1;FALSE
DJ Pied Piper & The Masters Of Ceremonies;Do You Really Like It? - Radio Edit;FALSE
Jennifer Lopez;I'm Real (feat. Ja Rule) - Murder Remix;TRUE
Musiq Soulchild;Love;FALSE
So Solid Crew;21 Seconds;TRUE
Robbie Williams;Eternity;FALSE
Basement Jaxx;Romeo;FALSE
Ludacris;Southern Hospitality (Featuring Pharrell);TRUE
Gabrielle;Rise;FALSE
Nelly;Ride Wit Me;TRUE
Trick Daddy;I'm a Thug;TRUE
Travis;Sing;FALSE
JAY-Z;Izzo (H.O.V.A.);TRUE
Gabrielle;Out Of Reach;FALSE
OPM;Heaven Is a Halfpipe (If I Die);TRUE
K-Ci & JoJo;Crazy;FALSE
Staind;It's Been Awhile;TRUE
3LW;No More (Baby I'ma Do Right);FALSE
Ginuwine;Differences;FALSE
*NSYNC;Gone;FALSE
Lifehouse;Hanging By A Moment;FALSE
Nelly;Dilemma;TRUE
Eminem;Without Me;TRUE
Avril Lavigne;Complicated;FALSE
Vanessa Carlton;A Thousand Miles;FALSE
The Calling;Wherever You Will Go;FALSE
Shakira;Underneath Your Clothes;FALSE
No Doubt;Underneath It All;FALSE
Truth Hurts;Addictive;TRUE
Busta Rhymes;I Know What You Want (feat. Flipmode Squad);TRUE
Eminem;'Till I Collapse;TRUE
Diddy;I Need a Girl (Pt. 2) [feat. Loon, Ginuwine & Mario Winans];FALSE
Christina Milian;When You Look At Me - Radio Edit;FALSE
Madonna;Die Another Day;FALSE
Jennifer Lopez;I'm Gonna Be Alright (feat. Nas);FALSE
Angie Martinez;If I Could Go! (feat. Lil' Mo & Sacario);FALSE
Linkin Park;In the End;FALSE
Las Ketchup;The Ketchup Song (Aserejé) - Spanglish Version;FALSE
Aaliyah;Rock The Boat;FALSE
Holly Valance;Kiss Kiss;FALSE
Sugababes;Round Round;FALSE
Marilyn Manson;Tainted Love;FALSE
Brandy;What About Us?;FALSE
Chad Kroeger;Hero (feat. Josey Scott);FALSE
Britney Spears;Overprotected - Radio Edit;FALSE
Scooter;The Logical Song;FALSE
Missy Elliott;4 My People (feat. Eve);TRUE
Aaliyah;More Than A Woman;FALSE
Brandy;Full Moon;FALSE
Blue;One Love;FALSE
Busta Rhymes;Pass The Courvoisier Part II (feat. P. Diddy & Pharrell) - Remix;TRUE
Céline Dion;A New Day Has Come - Radio Remix;FALSE
Scooter;Nessaja;FALSE
Eve;Gangsta Lovin';TRUE
Disturbing Tha Peace;Move Bitch;TRUE
Khia;My Neck, My Back (Lick It);TRUE
Tweet;Oops (Oh My) [feat. Missy Elliott];TRUE
Kylie Minogue;Spinning Around;FALSE
Nelly;Hot In Herre;TRUE
Gareth Gates;Anyone of Us (Stupid Mistake);FALSE
Christina Aguilera;Dirrty (feat. Redman);FALSE
B2K;Uh Huh;FALSE
Sugababes;Freak Like Me;FALSE
Dirty Vegas;Days Go By;FALSE
Fat Joe;What's Luv? (feat. Ja-Rule & Ashanti);TRUE
Liberty X;Just A Little;FALSE
No Doubt;Hella Good;FALSE
LL Cool J;Luv U Better;FALSE
Red Hot Chili Peppers;Can't Stop;FALSE
Musiq Soulchild;Halfcrazy;FALSE
Sean Paul;Gimme the Light;TRUE
Faith Evans;I Love You;FALSE
Charli Baltimore;Down 4 U;TRUE
Kylie Minogue;Love at First Sight;FALSE
N.O.R.E.;Nothin';TRUE
Gareth Gates;Unchained Melody;FALSE
Diddy;I Need a Girl (Pt. 1) [feat. Usher & Loon];FALSE
Big Brovaz;Nu Flow;FALSE
No Doubt;Hey Baby;FALSE
Ashanti;Baby;TRUE
Sophie Ellis-Bextor;Murder On The Dancefloor;FALSE
Justin Timberlake;Like I Love You;FALSE
Mary J. Blige;Rainy Dayz;FALSE
A1;Caught in the Middle;FALSE
Eminem;Cleanin' Out My Closet;TRUE
Ashanti;Happy;TRUE
Delta Goodrem;Born to Try;FALSE
P!nk;Get the Party Started;FALSE
Alicia Keys;A Woman's Worth;FALSE
Daniel Bedingfield;Gotta Get Thru This - D'N'D Radio Edit;FALSE
Coldplay;Clocks;FALSE
Missy Elliott;Work It;TRUE
Ronan Keating;If Tomorrow Never Comes;FALSE
Big Tymers;Still Fly;TRUE
Creed;My Sacrifice;FALSE
Ja Rule;Always On Time;TRUE
Ashanti;Foolish;TRUE
Avril Lavigne;Sk8er Boi;FALSE
DJ Sammy;Heaven;FALSE
Britney Spears;I'm Not a Girl, Not Yet a Woman;FALSE
Cam’ron;Oh Boy;TRUE
Red Hot Chili Peppers;By the Way;FALSE
Elvis Presley;A Little Less Conversation - JXL Radio Edit Remix;FALSE
Atomic Kitten;The Tide Is High - Radio Mix;FALSE
*NSYNC;Girlfriend;FALSE
Robbie Williams;Somethin' Stupid;FALSE
Alanis Morissette;Hands Clean;FALSE
Usher;U Don't Have to Call;TRUE
Creed;One Last Breath - Radio Version;FALSE
The Goo Goo Dolls;Here Is Gone;FALSE
Puddle Of Mudd;She Hates Me;TRUE
Ludacris;Rollout (My Business);TRUE
Blazin' Squad;Crossroads - Radio Edit;FALSE
Default;Wasting My Time;FALSE
Michelle Branch;All You Wanted;FALSE
Daniel Bedingfield;If You're Not The One;FALSE
Enrique Iglesias;Escape;FALSE
Puddle Of Mudd;Blurry;FALSE
Coldplay;In My Place;FALSE
Outkast;The Whole World (feat. Killer Mike);TRUE
P!nk;Don't Let Me Get Me - Radio Edit;FALSE
50 Cent;In Da Club;TRUE
Sean Paul;Get Busy;FALSE
Eminem;"Lose Yourself - From ""8 Mile"" Soundtrack";TRUE
Beyoncé;Crazy In Love (feat. Jay-Z);FALSE
Counting Crows;Big Yellow Taxi;FALSE
Black Eyed Peas;Where Is The Love?;FALSE
Jennifer Lopez;Jenny from the Block (feat. Jadakiss & Styles P.) - Track Masters Remix;FALSE
Black Eyed Peas;Shut Up;FALSE
t.A.T.u.;All The Things She Said;TRUE
Benny Benassi;Satisfaction (Isak Original Extended) - Benny Benassi Presents The Biz;FALSE
Busta Rhymes;I Know What You Want (feat. Flipmode Squad);TRUE
Panjabi MC;Mundian to Bach Ke;FALSE
Mis-Teeq;Scandalous - U.S. Radio Edit;FALSE
JAY-Z;03' Bonnie & Clyde;TRUE
50 Cent;P.I.M.P.;TRUE
Jamelia;Superstar;FALSE
Linkin Park;Faint;FALSE
DMX;X Gon' Give It To Ya;TRUE
Evanescence;Bring Me To Life;FALSE
Sugababes;Hole In The Head;FALSE
Craig David;Rise & Fall (feat. Sting);FALSE
Three Days Grace;I Hate Everything About You;FALSE
Lil Jon & The East Side Boyz;Get Low;FALSE
B2K;Bump, Bump, Bump (feat. P. Diddy);FALSE
Baby Bash;Suga Suga;FALSE
Aaliyah;Miss You - Main;FALSE
Britney Spears;Me Against the Music (feat. Madonna) - LP Version / Video Mix;FALSE
Blue;Sorry Seems To Be The Hardest Word;FALSE
Delta Goodrem;Lost Without You;FALSE
Justin Timberlake;Rock Your Body;FALSE
The White Stripes;Seven Nation Army;FALSE
Youngbloodz;Damn! (feat. Lil' Jon) - Club Mix;TRUE
Beyoncé;Baby Boy (feat. Sean Paul);FALSE
Lil' Kim;Magic Stick;TRUE
Christina Aguilera;Can't Hold Us Down (feat. Lil' Kim);FALSE
Nickelback;Someday;FALSE
Blue;U Make Me Wanna - Radio Edit;FALSE
Ashanti;Rain On Me;FALSE
Trapt;Headstrong;TRUE
Simply Red;Sunrise;FALSE
Lumidee;Never Leave You (Uh Oooh, Uh Oooh);FALSE
Girls Aloud;Sound Of The Underground;FALSE
Nelly;Shake Ya Tailfeather (feat. P. Diddy & Murphy Lee) - 2016 Remaster;FALSE
Room 5;Make Luv;FALSE
Fatman Scoop;Be Faithful;TRUE
Limp Bizkit;Behind Blue Eyes;FALSE
Sugababes;Too Lost In You;FALSE
50 Cent;"Wanksta - From ""8 Mile"" Soundtrack";TRUE
Pharrell Williams;Frontin' (feat. Jay-Z) - Club Mix;TRUE
Chingy;Right Thurr;TRUE
Eminem;Sing For The Moment;TRUE
Lil' Kim;The Jump Off (feat. Mr. Cheeks) - Remix;TRUE
Mýa;My Love Is Like...Wo - Main Mix;FALSE
50 Cent;21 Questions;TRUE
Nelly;Air Force Ones;TRUE
Missy Elliott;Gossip Folks (feat. Ludacris);TRUE
Girls Aloud;Jump;FALSE
Ultrabeat;Pretty Green Eyes - Radio Edit;FALSE
Christina Aguilera;Fighter;FALSE
Frankie J;Don't Wanna Try;FALSE
Snoop Dogg;Beautiful;TRUE
Floetry;Say Yes;FALSE
Ginuwine;In Those Jeans;TRUE
Electric Six;Danger! High Voltage - Soulchild Radio Mix;FALSE
Rachel Stevens;Sweet Dreams My LA Ex - Radio Edit;FALSE
Ludacris;Stand Up;TRUE
Nas;I Can;FALSE
3 Doors Down;When I'm Gone;FALSE
Tyrese;How You Gonna Act Like That;FALSE
Justin Timberlake;Cry Me a River;FALSE
Westlife;Mandy;FALSE
No Doubt;It's My Life;FALSE
Amanda Perez;Angel;FALSE
JAY-Z;Excuse Me Miss;TRUE
Coldplay;Clocks;FALSE
Kelly Rowland;Stole;FALSE
Missy Elliott;Work It;TRUE
Ashanti;Rock Wit U (Awww Baby);FALSE
Junior Senior;Move Your Feet;FALSE
Audioslave;Like a Stone;FALSE
Sean Paul;Like Glue;FALSE
Jaheim;Put That Woman First;TRUE
Jennifer Lopez;All I Have (feat. LL Cool J);FALSE
Monica;So Gone;FALSE
Dido;White Flag;FALSE
The Roots;The Seed (2.0);TRUE
Chingy;Holidae In;TRUE
Fabolous;Can't Let You Go (feat. Mike Shorey & Lil' Mo);TRUE
Kelly Clarkson;Miss Independent;FALSE
Ja Rule;Mesmerize;TRUE
Matchbox Twenty;Unwell;FALSE
Outkast;The Way You Move (feat. Sleepy Brown);TRUE
Fabolous;Into You (feat. Tamia);TRUE
Switchfoot;Meant to Live;FALSE
Daniel Bedingfield;If You're Not The One;FALSE
Good Charlotte;Lifestyles of the Rich & Famous;FALSE
Wayne Wonder;No Letting Go;FALSE
The Strokes;Reptilia;FALSE
Avril Lavigne;I'm with You;FALSE
Will Young;Leave Right Now;FALSE
Usher;Yeah! (feat. Lil Jon & Ludacris);FALSE
Maroon 5;This Love;FALSE
Britney Spears;Toxic;FALSE
Outkast;Hey Ya!;FALSE
Hoobastank;The Reason;FALSE
Anastacia;Left Outside Alone;FALSE
Daddy Yankee;Gasolina;FALSE
Black Eyed Peas;Let's Get It Started - Spike Mix;FALSE
O-Zone;Dragostea Din Tei;FALSE
Terror Squad;Lean Back;TRUE
Anastacia;Sick and Tired;FALSE
Gwen Stefani;What You Waiting For?;FALSE
Ashanti;Only U - No Intro;FALSE
The Rasmus;In the Shadows;FALSE
Houston;I Like That;FALSE
Beyoncé;Naughty Girl;FALSE
Linkin Park;Numb;FALSE
Lloyd Banks;On Fire;TRUE
Akon;Locked Up;TRUE
D12;My Band;TRUE
Jay Sean;Eyes On You - Radio Mix;FALSE
Mario Winans;I Don't Wanna Know (feat. Enya & P. Diddy) - 2016 Remaster;FALSE
Destiny's Child;Lose My Breath;FALSE
Eric Prydz;Call on Me - Radio Mix;FALSE
Ciara;Goodies (feat. Petey Pablo);FALSE
Kelis;Trick Me;TRUE
LL Cool J;Headsprung;FALSE
Spiderbait;Black Betty - Edit;FALSE
George Michael;Amazing;FALSE
Britney Spears;My Prerogative;FALSE
Nina Sky;Move Ya Body;FALSE
Baby Bash;Suga Suga;FALSE
Petey Pablo;Freek-A-Leek;TRUE
JAY-Z;Dirt Off Your Shoulder;TRUE
Juanes;La Camisa Negra;FALSE
Avril Lavigne;Nobody's Home;FALSE
Robbie Williams;Radio;FALSE
Black Eyed Peas;Hey Mama;TRUE
Ying Yang Twins;Salt Shaker;TRUE
Enrique Iglesias;Not In Love - Radio Mix;FALSE
Kelis;Milkshake;FALSE
Linkin Park;Breaking the Habit;FALSE
JoJo;Leave (Get Out) - Radio Edit;FALSE
Christina Milian;Dip It Low;FALSE
Avant;Read Your Mind;FALSE
Eminem;Just Lose It;TRUE
Sugababes;Too Lost In You;FALSE
Snoop Dogg;Drop It Like It's Hot;TRUE
Sean Paul;I'm Still in Love with You (feat. Sasha);FALSE
The Shapeshifters;Lola's Theme - Radio Edit;FALSE
D12;How Come;TRUE
Basement Jaxx;Good Luck;FALSE
Kevin Lyttle;Turn Me On;FALSE
Chingy;One Call Away;FALSE
T.I.;Bring Em Out;TRUE
DJ Casper;Cha Cha Slide - Hardino Mix;FALSE
Kylie Minogue;I Believe in You;FALSE
Twista;Overnight Celebrity;TRUE
N.E.R.D;She Wants To Move;FALSE
Britney Spears;Everytime;FALSE
U2;Vertigo;FALSE
Franz Ferdinand;Take Me Out;FALSE
J-Kwon;Tipsy - Club Mix;TRUE
G-Unit;Wanna Get To Know You;TRUE
Lil' Flip;Sunshine (feat. Lea);TRUE
Kanye West;Jesus Walks;TRUE
Evanescence;My Immortal;FALSE
Nelly;My Place;TRUE
Lemar;If There's Any Justice;FALSE
No Doubt;It's My Life;FALSE
Avril Lavigne;Don't Tell Me;FALSE
Twista;Slow Jamz;TRUE
Green Day;American Idiot;TRUE
Kelis;Millionaire;FALSE
Scissor Sisters;Comfortably Numb;FALSE
Alicia Keys;Diary (feat. Tony! Toni! Tone! & Jermaine Paul);FALSE
Kanye West;Through The Wire;TRUE
Special D.;Come With Me - Radio Edit;FALSE
Ludacris;Splash Waterfalls;TRUE
Avril Lavigne;My Happy Ending;TRUE
Dido;White Flag;FALSE
Eamon;Fuck It (I Don't Want You Back);TRUE
Beyoncé;Me, Myself and I;FALSE
3 Doors Down;Here Without You;FALSE
Kanye West;All Falls Down;TRUE
Twista;Sunshine (feat. Anthony Hamilton);TRUE
Katie Melua;The Closest Thing to Crazy;FALSE
Usher;My Boo;FALSE
Lloyd;Southside;FALSE
LMC;Take Me To The Clouds Above - LMC Vs. U2 / Radio Edit;FALSE
The Streets;Fit but You Know It;TRUE
JUVENILE;Slow Motion;TRUE
Outkast;The Way You Move (feat. Sleepy Brown);TRUE
Girls Aloud;Love Machine;FALSE
Jessica Simpson;With You;FALSE
Eminem;Like Toy Soldiers;TRUE
Gary Jules;Mad World (Feat. Michael Andrews);FALSE
Ashlee Simpson;Pieces Of Me;FALSE
Will Young;Leave Right Now;FALSE
Alicia Keys;You Don't Know My Name;FALSE
Mariah Carey;We Belong Together;FALSE
Mario;Let Me Love You;FALSE
Kanye West;Gold Digger;TRUE
Rihanna;Pon de Replay;FALSE
50 Cent;Candy Shop;TRUE
James Blunt;You're Beautiful;TRUE
Green Day;Boulevard of Broken Dreams;TRUE
The Pussycat Dolls;Don't Cha;FALSE
Daniel Powter;Bad Day;FALSE
Akon;Bananza (Belly Dancer);FALSE
Madonna;Hung Up;FALSE
50 Cent;Just A Lil Bit;TRUE
Crazy Frog;Axel F;FALSE
Eminem;Ass Like That;TRUE
Sean Paul;We Be Burnin';FALSE
Gwen Stefani;Rich Girl;FALSE
The Chemical Brothers;Galvanize;FALSE
Fort Minor;Remember the Name (feat. Styles of Beyond);TRUE
50 Cent;Disco Inferno;TRUE
The Game;How We Do;TRUE
Chris Brown;Run It! (feat. Juelz Santana);FALSE
Mariah Carey;It's Like That;FALSE
Black Eyed Peas;My Humps;FALSE
Ciara;Oh (feat. Ludacris);FALSE
50 Cent;Outta Control - Remix;TRUE
Baby Bash;Baby, I'm Back;TRUE
Jennifer Lopez;Get Right;FALSE
JAY-Z;Numb / Encore;TRUE
The Game;Hate It Or Love It;TRUE
Gorillaz;Feel Good Inc.;FALSE
Black Eyed Peas;Don't Phunk With My Heart;FALSE
Akon;Lonely;TRUE
Bodyrockers;I Like The Way - Radio Edit;FALSE
Sugababes;Push The Button;FALSE
Jeezy;Soul Survivor;TRUE
Eminem;Mockingbird;TRUE
Shakira;La Tortura (feat. Alejandro Sanz);FALSE
Gorillaz;DARE;FALSE
Snoop Dogg;Signs;TRUE
Robbie Williams;Tripping;FALSE
David Banner;Play;TRUE
Trillville;Some Cut;TRUE
D4L;Laffy Taffy;TRUE
Missy Elliott;Lose Control (feat. Ciara & Fat Man Scoop);TRUE
Rob Thomas;Lonely No More;FALSE
Brian McFadden;Almost Here;FALSE
Bobby V.;"Slow Down - 12"" Version";FALSE
Backstreet Boys;Incomplete;FALSE
Pretty Ricky;Grind With Me;TRUE
Kanye West;Diamonds From Sierra Leone - Remix;TRUE
Snoop Dogg;Drop It Like It's Hot;TRUE
Fat Joe;Get It Poppin' (feat. Nelly) - Radio Version;FALSE
Destiny's Child;Soldier (feat. T.I. & Lil' Wayne);FALSE
Ciara;1, 2 Step (feat. Missy Elliott) - Main;FALSE
Amerie;1 Thing;FALSE
Ludacris;Get Back;TRUE
Franz Ferdinand;Do You Want To;FALSE
Natalie Imbruglia;Shiver;FALSE
Gwen Stefani;Hollaback Girl;TRUE
Pretty Ricky;Your Body;TRUE
Thirty Seconds To Mars;The Kill;FALSE
Alicia Keys;Karma;FALSE
2Pac;Ghetto Gospel;TRUE
Craig David;Don't Love You No More (I'm Sorry);FALSE
Katie Melua;Nine Million Bicycles;FALSE
Lil Jon & The East Side Boyz;Lovers And Friends;TRUE
Mariah Carey;Don't Forget About Us - Radio Edit;FALSE
Ying Yang Twins;Wait (The Whisper Song);TRUE
Will Smith;Switch;FALSE
Bow Wow;Like You (feat. Ciara);FALSE
Kaiser Chiefs;Everyday I Love You Less And Less;FALSE
Kelly Clarkson;Behind These Hazel Eyes;FALSE
Black Eyed Peas;Don't Lie;FALSE
Westlife;You Raise Me Up;FALSE
Ray J;One Wish;FALSE
Papa Roach;Scars;FALSE
Arctic Monkeys;I Bet You Look Good On The Dancefloor;FALSE
Shayne Ward;That's My Goal;FALSE
Bow Wow;Let Me Hold You (feat. Omarion);FALSE
Kaiser Chiefs;I Predict A Riot;FALSE
Usher;Caught Up;FALSE
Kelly Clarkson;Because of You;FALSE
3 Doors Down;Let Me Go;FALSE
Nickelback;Photograph;FALSE
T-Pain;I'm Sprung;FALSE
Destiny's Child;Cater 2 U;FALSE
The Pussycat Dolls;Stickwitu;FALSE
Ryan Cabrera;TRUE;FALSE
Stereophonics;Dakota;FALSE
Eminem;Like Toy Soldiers;TRUE
Nelly;Over And Over;TRUE
Coldplay;Speed of Sound;FALSE
KT Tunstall;Suddenly I See;FALSE
Destiny's Child;Girl;FALSE
Kelly Clarkson;Since U Been Gone;FALSE
U2;Sometimes You Can't Make It On Your Own;FALSE
The All-American Rejects;Dirty Little Secret;FALSE
Toby Keith;As Good As I Once Was;FALSE
Gwen Stefani;Cool;FALSE
Foo Fighters;Best of You;FALSE
Shakira;Hips Don't Lie (feat. Wyclef Jean);FALSE
Sean Paul;Temperature;FALSE
Justin Timberlake;SexyBack (feat. Timbaland);TRUE
Beyoncé;Irreplaceable;FALSE
Amy Winehouse;Rehab;FALSE
Rihanna;SOS;FALSE
Gnarls Barkley;Crazy;FALSE
Busta Rhymes;Touch It;TRUE
Nelly Furtado;Maneater;FALSE
Bob Sinclar;Rock This Party - Everybody Dance Now;FALSE
Diddy;Come to Me (feat. Nicole Scherzinger);TRUE
Madonna;Sorry;FALSE
Chamillionaire;Ridin';TRUE
Black Eyed Peas;Pump It;FALSE
Nelly Furtado;Promiscuous;FALSE
Fedde Le Grand;Put Your Hands Up for Detroit - Radio Edit;FALSE
Sean Paul;(When You Gonna) Give It Up to Me (feat. Keyshia Cole) - Radio Version;FALSE
The Pussycat Dolls;Buttons;FALSE
Ciara;Get Up (feat. Chamillionaire);FALSE
Eminem;Shake That;TRUE
Cherish;Do It To It;FALSE
Muse;Supermassive Black Hole;FALSE
Chris Brown;Gimme That;FALSE
Infernal;From Paris to Berlin;FALSE
Cassie;Me & U;FALSE
E-40;U and Dat (feat. T. Pain & Kandi Girl);TRUE
The Pussycat Dolls;Beep;FALSE
Lil Jon;Snap Yo Fingers;FALSE
Armand Van Helden;My My My - Radio Edit;FALSE
The Notorious B.I.G.;Nasty Girl (feat. Diddy, Nelly, Jagged Edge & Avery Storm) - 2005 Remaster;TRUE
Yung Joc;It's Goin' Down (feat. Nitti);TRUE
Shayne Ward;No Promises;FALSE
Justin Timberlake;My Love (feat. T.I.);FALSE
Nickelback;Savin' Me;FALSE
Nelly;Grillz;FALSE
Take That;Patience;FALSE
Fergie;London Bridge;TRUE
Cascada;Everytime We Touch - Radio Edit;FALSE
D4L;Laffy Taffy;TRUE
LL Cool J;Control Myself;FALSE
Beyoncé;Deja Vu (feat. Jay-Z);FALSE
P!nk;Stupid Girls;TRUE
Eminem;When I'm Gone;TRUE
Kelis;Bossy;FALSE
Bob Sinclar;Love Generation - Radio Edit;FALSE
Meck;Thunder in My Heart Again (Radio Edit);FALSE
Mary J. Blige;Be Without You - Kendu Mix;TRUE
Girls Aloud;Something Kinda Ooooh;FALSE
Rihanna;Unfaithful;FALSE
Kanye West;Touch The Sky;TRUE
Dem Franchize Boyz;Lean Wit It, Rock Wit It;TRUE
Evanescence;Call Me When You're Sober;FALSE
Chingy;Pullin' Me Back;TRUE
Nickelback;Far Away;FALSE
Fall Out Boy;Dance, Dance;FALSE
Leona Lewis;A Moment Like This;FALSE
T.I.;What You Know;TRUE
Ludacris;Money Maker;TRUE
Nick Lachey;What's Left Of Me;FALSE
Jibbs;Chain Hang Low;TRUE
Arctic Monkeys;When The Sun Goes Down;TRUE
Rascal Flatts;Life is a Highway;FALSE
Beyoncé;Check On It (feat. Slim Thug);FALSE
Keyshia Cole;Love;FALSE
Lily Allen;Smile;TRUE
Ne-Yo;Sexy Love;FALSE
JoJo;Too Little Too Late;FALSE
Mary J. Blige;One;FALSE
Bubba Sparxxx;Ms. New Booty;TRUE
Amy Winehouse;You Know I'm No Good;FALSE
Rascal Flatts;What Hurts The Most;FALSE
Red Hot Chili Peppers;Dani California;FALSE
Scissor Sisters;I Don't Feel Like Dancin';FALSE
Ne-Yo;So Sick;FALSE
Hinder;Lips Of An Angel;FALSE
The Raconteurs;Steady, As She Goes;FALSE
The Fratellis;Chelsea Dagger;FALSE
Fort Minor;Where'd You Go (feat. Holly Brook & Jonah Matranga);TRUE
The Pussycat Dolls;Stickwitu;FALSE
Panic! At The Disco;I Write Sins Not Tragedies;FALSE
James Blunt;Goodbye My Lover;FALSE
Christina Aguilera;Ain't No Other Man;FALSE
Westlife;The Rose;FALSE
Keane;Is It Any Wonder?;FALSE
Orson;No Tomorrow;FALSE
T-Pain;I'm N Luv (Wit a Stripper) (feat. Mike Jones);TRUE
KT Tunstall;Black Horse And The Cherry Tree;FALSE
Natasha Bedingfield;Unwritten;FALSE
Razorlight;America;FALSE
James Morrison;You Give Me Something;FALSE
Snow Patrol;You're All I Have;FALSE
The Fray;How to Save a Life;FALSE
Sandi Thom;I Wish I Was a Punk Rocker (with Flowers in My Hair);FALSE
My Chemical Romance;Welcome to the Black Parade;FALSE
Razorlight;In The Morning;FALSE
The All-American Rejects;Dirty Little Secret;FALSE
James Morrison;Wonderful World;FALSE
Chris Brown;Yo (Excuse Me Miss);FALSE
P!nk;Who Knew;FALSE
The Kooks;Naive;FALSE
Leona Lewis;Bleeding Love;FALSE
Rihanna;Umbrella;FALSE
Britney Spears;Gimme More;FALSE
Fergie;Big Girls Don't Cry (Personal);FALSE
Mark Ronson;Valerie (feat. Amy Winehouse) - Version Revisited;FALSE
Plain White T's;Hey There Delilah;FALSE
Justin Timberlake;What Goes Around.../...Comes Around (Interlude);FALSE
Gwen Stefani;The Sweet Escape;FALSE
Timbaland;The Way I Are;FALSE
Nelly Furtado;Say It Right;FALSE
Ida Corr;Let Me Think About It;FALSE
Alex Gaudino;Destination Calabria - Radio Edit;FALSE
September;Cry for You;FALSE
Akon;Smack That;TRUE
Timbaland;Give It To Me;TRUE
50 Cent;Ayo Technology;TRUE
Eric Prydz;Proper Education - Radio Edit;FALSE
Fedde Le Grand;Put Your Hands Up For Detroit - Radio Edit;FALSE
Ciara;Like a Boy;FALSE
Kanye West;Stronger;TRUE
Beyoncé;Beautiful Liar;FALSE
Gym Class Heroes;Cupid's Chokehold / Breakfast in America - Radio Mix;FALSE
Akon;I Wanna Love You;TRUE
Soulja Boy;Crank That (Soulja Boy);FALSE
Fat Joe;Make It Rain;TRUE
P!nk;U + Ur Hand;TRUE
Rihanna;Shut Up And Drive;FALSE
Lloyd;Get It Shawty;FALSE
Kanye West;Can't Tell Me Nothing;TRUE
Camille Jones;The Creeps - Fedde Le Grand Radio Mix;FALSE
Linkin Park;What I've Done;FALSE
Keyshia Cole;Last Night;FALSE
Chris Brown;Kiss Kiss (feat. T-Pain);FALSE
Shop Boyz;Party Like A Rock Star;TRUE
Finger Eleven;Paralyzer;FALSE
Justin Timberlake;Summer Love;FALSE
MiMS;This Is Why I'm Hot;TRUE
Fabolous;Make Me Better;TRUE
Seether;Fake It;TRUE
Take That;Patience;FALSE
Arctic Monkeys;Brianstorm;FALSE
Justin Timberlake;My Love (feat. T.I.);FALSE
Fergie;Glamorous;TRUE
Linkin Park;Bleed It Out;TRUE
My Chemical Romance;Teenagers;FALSE
Calvin Harris;Acceptable in the 80's;FALSE
Sugababes;About You Now;FALSE
Avril Lavigne;Girlfriend;TRUE
Ne-Yo;Because Of You;FALSE
Daughtry;It's Not Over;FALSE
Unk;Walk It Out;TRUE
Lloyd;You;FALSE
Klaxons;Golden Skans;FALSE
T-Pain;Bartender (feat. Akon);TRUE
Baby Boy Da Prince;The Way I Live - Main Explicit;TRUE
Fergie;Fergalicious;TRUE
Omarion;Ice Box;FALSE
Pretty Ricky;On the Hotline - Amended Version;FALSE
Nickelback;Rockstar;FALSE
Fall Out Boy;Thnks fr th Mmrs;FALSE
Justin Timberlake;LoveStoned / I Think She Knows (Interlude);TRUE
All Time Low;Dear Maria, Count Me In;FALSE
Amy Winehouse;Back To Black;TRUE
Keyshia Cole;Let It Go;FALSE
Ciara;Promise;FALSE
Enrique Iglesias;Do You Know? (The Ping Pong Song);FALSE
T2;Heartbroken - Edit;FALSE
Robyn;With Every Heartbeat;FALSE
Maroon 5;Makes Me Wonder;TRUE
Fall Out Boy;This Ain't A Scene, It's An Arms Race;FALSE
Paramore;Misery Business;FALSE
Hinder;Better Than Me;FALSE
Huey;Pop, Lock & Drop It - Video Edit;FALSE
Foo Fighters;The Pretender;FALSE
Plies;Shawty (feat. T Pain);TRUE
Kaiser Chiefs;Ruby;FALSE
Mark Ronson;Stop Me (feat. Daniel Merriweather);FALSE
Bow Wow;Outta My System (feat. T-Pain & Johntá Austin);FALSE
Jim Jones;We Fly High;TRUE
The Red Jumpsuit Apparatus;Face Down;FALSE
MIKA;Grace Kelly;FALSE
Christina Aguilera;Candyman;FALSE
Sean Kingston;Beautiful Girls;FALSE
Akon;Don't Matter;TRUE
James Blunt;1973;FALSE
Carrie Underwood;Before He Cheats;FALSE
Just Jack;Starz In Their Eyes;FALSE
T-Pain;Buy U a Drank (Shawty Snappin') (feat. Yung Joc);FALSE
Bone Thugs-N-Harmony;I Tried;TRUE
Avril Lavigne;When You're Gone;FALSE
Rich Boy;Throw Some D's;TRUE
MIKA;Love Today;FALSE
Manic Street Preachers;Your Love Alone Is Not Enough (feat. Nina Persson);FALSE
Elliott Yamin;Wait for You;FALSE
Wyclef Jean;Sweetest Girl (Dollar Bill) (feat. Akon, Lil' Wayne & Niia);FALSE
Boys Like Girls;The Great Escape;FALSE
Take That;Rule The World - Radio Edit;FALSE
J. Holiday;Bed;FALSE
Red Hot Chili Peppers;Snow (Hey Oh);FALSE
Ludacris;Runaway Love;TRUE
Flo Rida;Low (feat. T-Pain);FALSE
Katy Perry;I Kissed A Girl;FALSE
Rihanna;Take A Bow;FALSE
Alicia Keys;No One;FALSE
Timbaland;Apologize;FALSE
Ne-Yo;Miss Independent;FALSE
Chris Brown;With You;FALSE
Beyoncé;If I Were a Boy;FALSE
Kardinal Offishall;Dangerous;TRUE
Madcon;Beggin (original version);FALSE
September;Cry for You;FALSE
Rihanna;Disturbia;FALSE
Guru Josh Project;Infinity 2008;FALSE
Britney Spears;Break the Ice;FALSE
Lil Wayne;Lollipop;TRUE
Basshunter;Now You're Gone - Video Edit;FALSE
Kanye West;Flashing Lights;TRUE
Madonna;4 Minutes (feat. Justin Timberlake & Timbaland);FALSE
Katy Perry;Hot N Cold;FALSE
Rihanna;Don't Stop The Music;FALSE
Snoop Dogg;Sensual Seduction;FALSE
Akon;Right Now (Na Na Na);FALSE
Britney Spears;Womanizer;FALSE
Eric Prydz;Pjanoo - Radio Edit;FALSE
Kelly Rowland;Work;FALSE
Jeezy;Put On;TRUE
Madonna;Give It 2 Me;FALSE
The Pussycat Dolls;When I Grow Up;FALSE
will.i.am;Heartbreaker;TRUE
Soulja Boy;Crank That (Soulja Boy);FALSE
Britney Spears;Piece of Me;FALSE
T.I.;Live Your Life;TRUE
Ne-Yo;Closer;FALSE
Lil Wayne;A Milli;TRUE
Colby O'Donis;What You Got;FALSE
Miley Cyrus;See You Again;FALSE
Basshunter;All I Ever Wanted - Radio Edit;FALSE
Chris Brown;Kiss Kiss (feat. T-Pain);FALSE
Finger Eleven;Paralyzer;FALSE
Alesha Dixon;The Boy Does Nothing;FALSE
Dizzee Rascal;Dance Wiv Me - Radio Edit;FALSE
Gabriella Cilmi;Sweet About Me;FALSE
Jack White;Another Way to Die;FALSE
Plies;Hypnotized (feat. Akon);TRUE
The Pussycat Dolls;I Hate This Part;FALSE
Sean Kingston;Take You There;FALSE
Natasha Bedingfield;Pocketful of Sunshine;FALSE
The Offspring;You're Gonna Go Far, Kid;TRUE
Kanye West;Homecoming;TRUE
Estelle;American Boy;TRUE
Saving Abel;Addicted;TRUE
Pendulum;Propane Nightmares;FALSE
The Game;My Life;TRUE
Danity Kane;Damaged;FALSE
P!nk;So What;TRUE
Kanye West;Love Lockdown;FALSE
Gym Class Heroes;Cookie Jar (feat. The-Dream);TRUE
M.I.A.;Paper Planes;FALSE
3 Doors Down;It's Not My Time;FALSE
Kylie Minogue;Wow;FALSE
Mariah Carey;Touch My Body;FALSE
MGMT;Kids;FALSE
The Ting Tings;Shut Up and Let Me Go;FALSE
Lil Wayne;Got Money;TRUE
Santana;Into the Night (feat. Chad Kroeger);FALSE
The-Dream;I Luv Your Girl;TRUE
Wiley;Wearing My Rolex - Radio Edit;FALSE
Usher;Love in This Club (feat. Young Jeezy);FALSE
Sam Sparro;Black & Gold - Radio Edit;FALSE
"H ""two"" O";What's It Gonna Be (feat. Platnum);FALSE
The Ting Tings;That's Not My Name;FALSE
Plies;Bust It Baby, Pt. 2 (feat. Ne-Yo);TRUE
James Morrison;Broken Strings;FALSE
Leona Lewis;Run;FALSE
Metro Station;Shake It;FALSE
T.I.;Whatever You Like;TRUE
Trey Songz;Can't Help but Wait;FALSE
OneRepublic;Stop And Stare;FALSE
Alexandra Burke;Hallelujah;FALSE
Mary J. Blige;Just Fine;FALSE
Jordin Sparks;One Step At a Time;FALSE
Coldplay;Viva La Vida;FALSE
Kings of Leon;Sex on Fire;FALSE
Kanye West;Good Life;TRUE
Duffy;Mercy;FALSE
David Archuleta;Crush;FALSE
J. Holiday;Suffocate - Superclean;FALSE
Gavin DeGraw;In Love With a Girl;FALSE
Jordin Sparks;Tattoo;FALSE
Coldplay;Violet Hill;FALSE
Ray J;Sexy Can I feat. Yung Berg;TRUE
Jennifer Hudson;Spotlight;FALSE
John Legend;Green Light (feat. André 3000);FALSE
Jonas Brothers;Burnin' Up;FALSE
Lupe Fiasco;Superstar (feat. Matthew Santos);FALSE
Chris Brown;Forever;FALSE
Adele;Chasing Pavements;FALSE
Leona Lewis;Better in Time;FALSE
Fergie;Clumsy;FALSE
T-Pain;Can't Believe It (feat. Lil' Wayne);FALSE
Black Eyed Peas;I Gotta Feeling;FALSE
Lady Gaga;Poker Face;FALSE
Beyoncé;Halo;FALSE
David Guetta;Sexy Bitch (feat. Akon);TRUE
Flo Rida;Right Round;FALSE
Taylor Swift;Love Story;FALSE
Pitbull;Hotel Room Service;FALSE
Britney Spears;Circus;FALSE
Lady Gaga;LoveGame;FALSE
Skillet;Monster;FALSE
The Prodigy;Omen;FALSE
Black Eyed Peas;Meet Me Halfway;FALSE
Kanye West;Heartless;FALSE
Kid Cudi;Day 'N' Nite (Nightmare);FALSE
Lady Gaga;Just Dance;FALSE
Britney Spears;If U Seek Amy;FALSE
Pitbull;I Know You Want Me (Calle Ocho);FALSE
Mariah Carey;Obsessed;FALSE
Beyoncé;Sweet Dreams;FALSE
Agnes;Release Me;FALSE
Black Eyed Peas;Boom Boom Pow;TRUE
Shakira;She Wolf;FALSE
Lady Gaga;Paparazzi;FALSE
JAY-Z;Empire State Of Mind;TRUE
OneRepublic;All The Right Moves;FALSE
Jeremih;Birthday Sex;FALSE
Cascada;Evacuate The Dancefloor;FALSE
Linkin Park;New Divide;FALSE
Kevin Rudolf;Let It Rock;TRUE
JAY-Z;Run This Town;TRUE
Lady Gaga;Bad Romance;TRUE
T.I.;Live Your Life;TRUE
Eminem;We Made You;FALSE
Dizzee Rascal;Bonkers;FALSE
Ciara;Love Sex Magic (feat. Justin Timberlake);FALSE
Rihanna;Russian Roulette;TRUE
Soulja Boy;Turn My Swag On;FALSE
The xx;Intro;FALSE
Jay Sean;Down;FALSE
Keri Hilson;Turnin Me On - Original Dirty;TRUE
David Guetta;When Love Takes Over (feat. Kelly Rowland);FALSE
Cheryl;Fight For This Love;FALSE
Soulja Boy;Kiss Me Thru The Phone;TRUE
Eminem;Crack A Bottle;TRUE
P!nk;Sober;FALSE
Tinchy Stryder;Number 1;FALSE
Pixie Lott;Mama Do (Uh Oh, Uh Oh);FALSE
JLS;Beat Again - Radio Edit;FALSE
3OH!3;DONTTRUSTME;TRUE
A.R. Rahman;Jai Ho! (You Are My Destiny);FALSE
The Pussycat Dolls;I Hate This Part;FALSE
Akon;Beautiful;FALSE
Alexandra Burke;Bad Boys (feat. Flo Rida);FALSE
Mario;Break Up;TRUE
Drake;Forever;TRUE
Selena Gomez & The Scene;Naturally;FALSE
Kanye West;Love Lockdown;FALSE
The Veronicas;Untouched;FALSE
Fabolous;Throw It In The Bag;TRUE
Jason Derulo;Whatcha Say;FALSE
Lily Allen;Not Fair;TRUE
T.I.;Dead And Gone;TRUE
Sean Kingston;Fire Burning;FALSE
Empire of the Sun;Walking On A Dream;FALSE
Cobra Starship;Good Girls Go Bad (feat. Leighton Meester);FALSE
Nickelback;If Today Was Your Last Day;FALSE
La Roux;Bulletproof;FALSE
Kasabian;Fire;FALSE
Calvin Harris;I'm Not Alone - Radio Edit;FALSE
Justin Bieber;One Time;FALSE
Jamie Foxx;Blame It;TRUE
La Roux;In For The Kill;FALSE
Muse;Uprising;FALSE
Nickelback;Gotta Be Somebody;FALSE
James Morrison;Broken Strings;FALSE
T.I.;Whatever You Like;TRUE
Dizzee Rascal;Holiday;FALSE
Beyoncé;Single Ladies (Put a Ring on It);FALSE
Boys Like Girls;Love Drunk;FALSE
The-Dream;Rockin' That Shit;TRUE
OneRepublic;Secrets;FALSE
JLS;Everybody in Love;FALSE
Jason Aldean;Big Green Tractor;FALSE
The Fray;Never Say Never;FALSE
Lily Allen;The Fear;TRUE
Kings of Leon;Sex on Fire;FALSE
Drake;Best I Ever Had;TRUE
Kelly Clarkson;Already Gone;FALSE
Miley Cyrus;Party In The U.S.A.;FALSE
Jordin Sparks;Battlefield;FALSE
Ne-Yo;Mad;FALSE
Green Day;21 Guns;FALSE
Keri Hilson;Knock You Down;FALSE
Taylor Swift;You Belong With Me;FALSE
Shinedown;Second Chance;FALSE
Asher Roth;I Love College;TRUE
Katy Perry;Waking Up In Vegas;FALSE
Kelly Clarkson;My Life Would Suck Without You;FALSE
Mumford & Sons;Little Lion Man;TRUE
The Fray;You Found Me;FALSE
Bruno Mars;Just the Way You Are;FALSE
Eminem;Love The Way You Lie;TRUE
Lady Gaga;Bad Romance;TRUE
Stromae;Alors on danse - Radio Edit;FALSE
Kesha;TiK ToK;FALSE
David Guetta;Memories (feat. Kid Cudi);FALSE
Taio Cruz;Dynamite;FALSE
Rihanna;Only Girl (In The World);FALSE
Katy Perry;California Gurls;FALSE
Kesha;Take It Off;FALSE
INNA;Hot - Play & Win Radio Version;FALSE
Far East Movement;Like A G6;FALSE
David Guetta;Gettin' Over You (feat. Fergie & LMFAO);FALSE
Duck Sauce;Barbra Streisand - Radio Edit;FALSE
Lucenzo;Danza Kuduro (feat. Don Omar);FALSE
Rihanna;Te Amo;TRUE
Timbaland;Carry Out (Featuring Justin Timberlake);FALSE
DJ Fresh;Gold Dust - Radio Edit;FALSE
Edward Maya;Stereo Love - Radio Edit;FALSE
Taio Cruz;Break Your Heart;FALSE
Black Eyed Peas;Imma Be;FALSE
Sidney Samson;Riverside;TRUE
Eminem;Not Afraid;TRUE
Lady Gaga;Alejandro;FALSE
Rihanna;Rude Boy;TRUE
Ne-Yo;Beautiful Monster;FALSE
3OH!3;Starstrukk;FALSE
Black Eyed Peas;The Time (Dirty Bit);FALSE
Kelly Rowland;Commander;FALSE
Swedish House Mafia;One (Your Name) - Radio Edit;FALSE
Chris Brown;Deuces (feat. Tyga & Kevin McCall);TRUE
Usher;DJ Got Us Fallin' In Love (feat. Pitbull);FALSE
Iyaz;Replay;FALSE
Flo Rida;Club Can't Handle Me (feat. David Guetta);FALSE
Sean Kingston;Eenie Meenie;FALSE
Waka Flocka Flame;No Hands (feat. Roscoe Dash & Wale);TRUE
Tinie Tempah;Written in the Stars (feat. Eric Turner);FALSE
Bruno Mars;Talking to the Moon;FALSE
Miley Cyrus;Can't Be Tamed;FALSE
Mike Posner;Cooler Than Me - Single Mix;FALSE
Lady Gaga;Telephone;FALSE
Yolanda Be Cool;We No Speak Americano (JT Radio Edit);FALSE
Rihanna;Hard;TRUE
Tinie Tempah;Pass Out;TRUE
Adam Lambert;Whataya Want from Me;FALSE
Trey Songz;Bottoms Up (feat. Nicki Minaj);TRUE
Timbaland;If We Ever Meet Again (Featuring Katy Perry);FALSE
Enrique Iglesias;I Like It;FALSE
Tim Berg;Seek Bromance - Avicii’s Vocal Edit;FALSE
Usher;OMG (feat. will.i.am);FALSE
Maroon 5;Misery;FALSE
Jay Sean;Down;FALSE
Rihanna;Man Down;TRUE
3OH!3;My First Kiss (feat. Ke$ha);FALSE
Justin Bieber;Baby;FALSE
Cali Swag District;Teach Me How to Dougie;TRUE
Swedish House Mafia;Miami 2 Ibiza - Swedish House Mafia vs. Tinie Tempah;TRUE
K'NAAN;Wavin' Flag;FALSE
Ludacris;How Low;TRUE
Kesha;Blah Blah Blah (feat. 3OH!3);TRUE
DJ Khaled;All I Do Is Win (feat. T-Pain, Ludacris, Snoop Dogg & Rick Ross);TRUE
Jason Derulo;In My Head;FALSE
Aloe Blacc;I Need A Dollar;FALSE
B.o.B;Airplanes (feat. Hayley Williams of Paramore);TRUE
Ludacris;My Chick Bad;TRUE
Nelly;Just A Dream;FALSE
Rihanna;What's My Name?;FALSE
Shontelle;Impossible;FALSE
Take That;The Flood;FALSE
Trey Songz;Say Aah (feat. Fabolous);FALSE
Jason Derulo;Whatcha Say;FALSE
Drake;Over;TRUE
Example;Kickstarts;FALSE
Plan B;She Said;FALSE
The Saturdays;Higher;FALSE
Jay Sean;Do You Remember;FALSE
Usher;Hey Daddy (Daddy's Home);FALSE
Lil Wayne;Right Above It;TRUE
The Wanted;All Time Low;FALSE
Kesha;Your Love Is My Drug;FALSE
Ellie Goulding;Starry Eyed;FALSE
Drake;Find Your Love;FALSE
Jason Derulo;Ridin' Solo;FALSE
Two Door Cinema Club;What You Know;FALSE
JAY-Z;Young Forever;TRUE
Young Money;BedRock;TRUE
B.o.B;Nothin' on You (feat. Bruno Mars);FALSE
Katy Perry;Teenage Dream;FALSE
Scouting For Girls;This Ain't a Love Song;FALSE
Travie McCoy;Billionaire (feat. Bruno Mars);TRUE
Owl City;Fireflies;FALSE
Alicia Keys;Empire State of Mind (Part II) Broken Down;FALSE
Lady A;Need You Now;FALSE
Taylor Swift;Back To December;FALSE
Neon Trees;Animal;FALSE
Kris Allen;Live Like We're Dying;FALSE
Matt Cardle;When We Collide;FALSE
Robyn;Dancing On My Own;FALSE
The Band Perry;If I Die Young;FALSE
B.o.B;Magic (feat. Rivers Cuomo);FALSE
Adele;Rolling in the Deep;TRUE
Maroon 5;"Moves Like Jagger - Studio Recording From ""The Voice"" Performance";FALSE
LMFAO;Party Rock Anthem;FALSE
Katy Perry;Firework;FALSE
Bruno Mars;Grenade;FALSE
Pitbull;Hey Baby (Drop It to the Floor) (feat. T-Pain);FALSE
Alexandra Stan;Mr. Saxobeat;FALSE
David Guetta;Who's That Chick? (feat. Rihanna);FALSE
Jennifer Lopez;On The Floor;FALSE
Rihanna;S&M;FALSE
Kesha;Blow;FALSE
Snoop Dogg;Sweat - Remix;FALSE
Taio Cruz;Higher;FALSE
Usher;More - RedOne Jimmy Joker Remix;FALSE
Example;Changed the Way You Kiss Me - Radio Edit;FALSE
Black Eyed Peas;Just Can’t Get Enough;FALSE
David Guetta;Where Them Girls At (feat. Nicki Minaj & Flo Rida);TRUE
Lykke Li;I Follow Rivers - The Magician Remix;FALSE
Pitbull;Give Me Everything (feat. Ne-Yo, Afrojack & Nayer);FALSE
Selena Gomez & The Scene;Love You Like A Love Song;FALSE
Wiz Khalifa;Black and Yellow;TRUE
Katy Perry;E.T.;FALSE
Britney Spears;I Wanna Go;FALSE
Gym Class Heroes;Stereo Hearts (feat. Adam Levine);FALSE
Edward Maya;Stereo Love - Radio Edit;FALSE
Enrique Iglesias;Tonight (I'm Fuckin' You);TRUE
Jeremih;Down On Me;FALSE
Sak Noel;Loca People - Radio Edit;TRUE
Olly Murs;Heart Skips a Beat (feat. Rizzle Kicks);FALSE
LMFAO;Sexy And I Know It;FALSE
Cobra Starship;You Make Me Feel... (feat. Sabi);FALSE
Jessie J;Do It Like A Dude;TRUE
DJ Fresh;Louder (feat. Sian Evans) - Radio Edit;FALSE
Waka Flocka Flame;No Hands (feat. Roscoe Dash & Wale);TRUE
Nickelback;When We Stand Together;FALSE
M83;Midnight City;FALSE
Britney Spears;Till the World Ends;FALSE
Labrinth;Earthquake (feat. Tinie Tempah);TRUE
Jason Derulo;Don't Wanna Go Home;FALSE
Coldplay;Paradise;FALSE
Katy Perry;Last Friday Night (T.G.I.F.);FALSE
Adele;Set Fire to the Rain;FALSE
Dr. Dre;I Need A Doctor;TRUE
Lil Wayne;6 Foot 7 Foot;TRUE
DJ Khaled;I'm On One;TRUE
Chris Brown;Look At Me Now (feat. Lil' Wayne & Busta Rhymes);TRUE
Far East Movement;Rocketeer;FALSE
The Wanted;Glad You Came;FALSE
Kesha;We R Who We R;FALSE
Kelly Rowland;Motivation;FALSE
Rihanna;We Found Love;FALSE
Nicole Scherzinger;Don't Hold Your Breath;FALSE
Mann;Buzzin Remix;TRUE
Chris Brown;Yeah 3x;TRUE
Swedish House Mafia;Save The World;FALSE
Kanye West;All Of The Lights;TRUE
Miguel;Sure Thing;FALSE
Diddy - Dirty Money;Coming Home;FALSE
Rihanna;What's My Name?;FALSE
Chris Brown;Beautiful People;FALSE
Avril Lavigne;What the Hell;FALSE
Professor Green;Read All About It;TRUE
Chase & Status;Blind Faith;FALSE
Chip;Champion (feat. Chris Brown);TRUE
Selena Gomez & The Scene;Who Says;FALSE
Rizzle Kicks;Down With The Trumpets;FALSE
Lady Gaga;Born This Way;FALSE
Nicki Minaj;Super Bass;TRUE
Mac Miller;Donald Trump;TRUE
Calvin Harris;Bounce (feat. Kelis) - Radio Edit;FALSE
David Guetta;Without You (feat. Usher);FALSE
Foster The People;Pumped Up Kicks;FALSE
Drake;Headlines;TRUE
Jessie J;Price Tag;FALSE
Jason Aldean;Dirt Road Anthem;FALSE
Wiz Khalifa;Roll Up;TRUE
OneRepublic;Good Life;TRUE
Bad Meets Evil;Lighters;TRUE
Bruno Mars;The Lazy Song;FALSE
Lupe Fiasco;The Show Goes On;TRUE
James Morrison;I Won't Let You Go;FALSE
Jason Derulo;It Girl;FALSE
Adele;Someone Like You;FALSE
Red Hot Chili Peppers;The Adventures of Rain Dance Maggie;FALSE
Keri Hilson;Pretty Girl Rock;FALSE
P!nk;F**kin' Perfect;TRUE
Blake Shelton;Honey Bee;FALSE
Lady Gaga;The Edge Of Glory;FALSE
Lady A;Just A Kiss;FALSE
Hot Chelle Rae;Tonight Tonight;FALSE
Grouplove;Tongue Tied;FALSE
Coldplay;Every Teardrop Is a Waterfall;FALSE
Beyoncé;Best Thing I Never Had;FALSE
P!nk;Raise Your Glass;TRUE
Christina Perri;Jar of Hearts;FALSE
Bruno Mars;Marry You;FALSE
The Band Perry;If I Die Young;FALSE
Lil Wayne;How To Love;FALSE
Charlene Soraia;Wherever You Will Go;FALSE
Christina Perri;A Thousand Years;FALSE
Rihanna;We Found Love;FALSE
Carly Rae Jepsen;Call Me Maybe;FALSE
fun.;We Are Young (feat. Janelle Monáe);FALSE
Sean Paul;She Doesn't Mind;FALSE
Pitbull;International Love (feat. Chris Brown);FALSE
DEV;In The Dark;FALSE
Adele;Skyfall;FALSE
David Guetta;Turn Me On (feat. Nicki Minaj);FALSE
Rihanna;Where Have You Been;FALSE
JAY-Z;Ni**as In Paris;TRUE
Maroon 5;One More Night;FALSE
Skrillex;Bangarang (feat. Sirah);TRUE
The Wanted;Chasing The Sun;FALSE
Flo Rida;Whistle;FALSE
will.i.am;This Is Love;FALSE
David Guetta;She Wolf (Falling to Pieces) [feat. Sia];FALSE
Nicki Minaj;Pound The Alarm;TRUE
Kendrick Lamar;Swimming Pools (Drank) - Extended Version;TRUE
MARINA;Primadonna;FALSE
Kanye West;Mercy;TRUE
DJ Fresh;Hot Right Now (feat. RITA ORA) - Radio Edit;FALSE
LMFAO;Sexy And I Know It;FALSE
PSY;Gangnam Style (강남스타일);FALSE
Kesha;Die Young;FALSE
Usher;Scream;FALSE
Olly Murs;Troublemaker (feat. Flo Rida);FALSE
Linkin Park;BURN IT DOWN;FALSE
Bruno Mars;Locked out of Heaven;FALSE
Avicii;Levels - Radio Edit;FALSE
Flo Rida;Good Feeling;FALSE
Rihanna;Diamonds;FALSE
Wiz Khalifa;Work Hard, Play Hard;TRUE
Katy Perry;Part Of Me;FALSE
Nicki Minaj;Starships;TRUE
Kendrick Lamar;m.A.A.d city;TRUE
Asaf Avidan & the Mojos;One Day / Reckoning Song (Wankelmut Remix) [Radio Edit];FALSE
Florence + The Machine;Spectrum (Say My Name) - Calvin Harris Remix;FALSE
Azealia Banks;212;TRUE
Maroon 5;Payphone;TRUE
James Arthur;Impossible;FALSE
Michel Teló;Ai Se Eu Te Pego - Live;FALSE
Otto Knows;Million Voices - Radio Edit;FALSE
Icona Pop;I Love It;TRUE
Tyga;Rack City;TRUE
Calvin Harris;Feel So Close - Radio Edit;FALSE
Jennifer Lopez;Dance Again;FALSE
Grimes;Oblivion;FALSE
Adele;Rumour Has It;FALSE
Coldplay;Paradise;FALSE
Chris Brown;Turn Up the Music;FALSE
Frank Ocean;Lost;TRUE
Calvin Harris;Let's Go (feat. Ne-Yo);FALSE
The Script;Hall of Fame (feat. will.i.am);FALSE
Swedish House Mafia;Don't You Worry Child - Radio Edit;FALSE
MARINA;How to Be a Heartbreaker;FALSE
Justin Bieber;Boyfriend;FALSE
David Guetta;Titanium (feat. Sia);FALSE
Jessie J;Domino;FALSE
Taylor Swift;I Knew You Were Trouble.;FALSE
ScHoolboy Q;Hands on the Wheel (feat. Asap Rocky);TRUE
P!nk;Try;FALSE
Robbie Williams;Candy;FALSE
Snoop Dogg;Young, Wild & Free (feat. Bruno Mars);TRUE
Justin Bieber;As Long As You Love Me;FALSE
Rita Ora;R.I.P. (feat. Tinie Tempah);FALSE
Alex Clare;Too Close;FALSE
Tyga;Faded;TRUE
Alesso;Years - ラジオ・エディット;FALSE
Guy Sebastian;Battle Scars (feat. Lupe Fiasco);FALSE
Katy Perry;The One That Got Away;FALSE
Avicii;Silhouettes - Original Radio Edit;FALSE
Gotye;Somebody That I Used To Know;FALSE
Flo Rida;Wild Ones (feat. Sia);FALSE
One Direction;What Makes You Beautiful;FALSE
Lana Del Rey;Born To Die;FALSE
Kesha;C'Mon;FALSE
Owl City;Good Time;FALSE
Calvin Harris;We'll Be Coming Back (feat. Example);FALSE
Emeli Sandé;Read All About It, Pt. III;FALSE
Ellie Goulding;Lights - Single Version;FALSE
Train;Drive By;FALSE
Disclosure;Latch;FALSE
Coldplay;Princess of China;FALSE
One Direction;Live While We're Young;FALSE
Gym Class Heroes;Ass Back Home (feat. Neon Hitch);TRUE
Carrie Underwood;Blown Away;FALSE
alt-J;Breezeblocks;FALSE
Chris Brown;Don't Wake Me Up;FALSE
Kelly Clarkson;Stronger (What Doesn't Kill You);FALSE
Drake;The Motto;TRUE
Katy Perry;Wide Awake;FALSE
Rita Ora;How We Do (Party);TRUE
Rudimental;Feel the Love (feat. John Newman);FALSE
Lana Del Rey;Ride;TRUE
Ne-Yo;Let Me Love You (Until You Learn To Love Yourself);FALSE
Demi Lovato;Give Your Heart a Break;FALSE
Drake;Take Care;TRUE
Little Mix;Wings;FALSE
Bruno Mars;It Will Rain;FALSE
Cher Lloyd;Want U Back;FALSE
Lorde;Royals;FALSE
Robin Thicke;Blurred Lines;FALSE
Imagine Dragons;Radioactive;FALSE
Avicii;Wake Me Up;FALSE
Bruno Mars;Locked out of Heaven;FALSE
Macklemore & Ryan Lewis;Thrift Shop (feat. Wanz);TRUE
Daft Punk;Get Lucky (feat. Pharrell Williams & Nile Rodgers) - Radio Edit;FALSE
will.i.am;Scream & Shout;TRUE
Stromae;Papaoutai;FALSE
Bingo Players;Get Up (Rattle) - Vocal Edit;FALSE
Naughty Boy;La La La;FALSE
Tom Odell;Another Love;TRUE
2 Chainz;We Own It (Fast & Furious);FALSE
David Guetta;Play Hard (feat. Ne-Yo & Akon);FALSE
Pitbull;Feel This Moment (feat. Christina Aguilera);FALSE
will.i.am;#thatPOWER;FALSE
Lil Wayne;Love Me;TRUE
Macklemore & Ryan Lewis;Can't Hold Us (feat. Ray Dalton);FALSE
Martin Garrix;Animals - Radio Edit;FALSE
Jason Derulo;Talk Dirty (feat. 2 Chainz);TRUE
John Newman;Love Me Again;FALSE
Britney Spears;Work B**ch;TRUE
The Neighbourhood;Sweater Weather;FALSE
Sebastian Ingrosso;Reload - Radio Edit;FALSE
Capital Cities;Safe And Sound;FALSE
Demi Lovato;Heart Attack;FALSE
Arctic Monkeys;Why'd You Only Call Me When You're High?;FALSE
Justin Bieber;Beauty And A Beat;FALSE
Eminem;The Monster;TRUE
Pitbull;Don't Stop the Party (feat. TJR);FALSE
Selena Gomez;Come & Get It;FALSE
P!nk;True Love (feat. Lily Allen);TRUE
Disclosure;White Noise;FALSE
Flo Rida;I Cry;FALSE
Kanye West;Black Skinhead;TRUE
Lana Del Rey;Summertime Sadness (Lana Del Rey Vs. Cedric Gervais) - Cedric Gervais Remix;FALSE
Eminem;Berzerk;TRUE
Icona Pop;I Love It (feat. Charli XCX);TRUE
Fall Out Boy;My Songs Know What You Did In The Dark (Light Em Up);FALSE
Lorde;Team;FALSE
Avicii;I Could Be The One (Avicii Vs. Nicky Romero) - Radio Edit;FALSE
Imagine Dragons;Demons;FALSE
One Direction;One Way or Another (Teenage Kicks);FALSE
Taylor Swift;I Knew You Were Trouble.;FALSE
Arctic Monkeys;Do I Wanna Know?;FALSE
Rudimental;Waiting All Night (feat. Ella Eyre);FALSE
Klangkarussell;Sonnentanz - Sun Don't Shine;FALSE
Calvin Harris;Drinking from the Bottle (feat. Tinie Tempah);FALSE
A$AP Rocky;F**kin' Problems (feat. Drake, 2 Chainz & Kendrick Lamar);TRUE
P!nk;Try;FALSE
Ylvis;The Fox (What Does the Fox Say?);FALSE
Ellie Goulding;Burn;FALSE
Baauer;Harlem Shake;FALSE
Calvin Harris;I Need Your Love (feat. Ellie Goulding);FALSE
Katy Perry;This Is How We Do;FALSE
AWOLNATION;Sail;FALSE
Duke Dumont;Need U (100%) [feat. A*M*E] - Radio Edit;FALSE
Jason Derulo;The Other Side;FALSE
Storm Queen;Look Right Through - MK Vocal Edit;FALSE
Calvin Harris;Sweet Nothing (feat. Florence Welch);FALSE
Katy Perry;Unconditionally;FALSE
Wale;Bad (feat. Rihanna) - Remix;TRUE
Ciara;Body Party;FALSE
Drake;Started From the Bottom;TRUE
Birdy;Wings;FALSE
Bastille;Of The Night;FALSE
Olly Murs;Dear Darlin';FALSE
Katy Perry;Roar;FALSE
Blake Shelton;Sure Be Cool If You Did;FALSE
Calvin Harris;Thinking About You (feat. Ayah Marar);FALSE
JAY-Z;Holy Grail;TRUE
Bridgit Mendler;Ready or Not;FALSE
The Saturdays;What About Us;FALSE
Bastille;Pompeii;FALSE
One Direction;Best Song Ever;FALSE
Nelly;Hey Porsche;TRUE
Zedd;Clarity;FALSE
Miley Cyrus;Wrecking Ball;FALSE
Chris Brown;Fine China;FALSE
Daft Punk;Lose Yourself to Dance (feat. Pharrell Williams);FALSE
Armin van Buuren;This Is What It Feels Like;FALSE
Justin Timberlake;Mirrors;FALSE
Bruno Mars;Treasure;TRUE
Of Monsters and Men;Little Talks;FALSE
Miley Cyrus;We Can't Stop;FALSE
J. Cole;Power Trip (feat. Miguel);TRUE
Paramore;Still into You;FALSE
Christina Perri;human;FALSE
Drake;Hold On, We're Going Home;FALSE
James Blunt;Bonfire Heart;FALSE
Maroon 5;Daylight;FALSE
Childish Gambino;3005;TRUE
Avril Lavigne;Here's to Never Growing Up;TRUE
Taylor Swift;22;FALSE
Passenger;Let Her Go;FALSE
Ariana Grande;The Way;FALSE
Rihanna;Stay;FALSE
Justin Timberlake;Suit & Tie (feat. Jay-Z);TRUE
Bruno Mars;When I Was Your Man;FALSE
Florida Georgia Line;Cruise;FALSE
Pharrell Williams;"Happy - From ""Despicable Me 2""";FALSE
Katy Perry;Dark Horse;FALSE
ScHoolboy Q;Collard Greens;TRUE
Iggy Azalea;Fancy;TRUE
Maroon 5;Animals;FALSE
Sam Smith;Stay With Me;FALSE
MAGIC!;Rude;FALSE
Sia;Chandelier;FALSE
John Legend;All of Me;FALSE
ZHU;Faded;FALSE
Meghan Trainor;All About That Bass;TRUE
David Guetta;Lovers on the Sun (feat. Sam Martin);FALSE
Iggy Azalea;Black Widow;TRUE
Tove Lo;Habits (Stay High);FALSE
Oliver Heldens;Gecko (Overdrive) - Radio Edit;FALSE
DJ Snake;You Know You Like It;FALSE
Jason Derulo;Talk Dirty (feat. 2 Chainz);TRUE
Maroon 5;Maps;FALSE
David Guetta;Bad (feat. Vassy) - Radio Edit;FALSE
Tinashe;2 On (feat. ScHoolboy Q);TRUE
Route 94;My Love (feat. Jess Glynne);FALSE
Taylor Swift;Bad Blood;FALSE
Trey Songz;Na Na;FALSE
Calvin Harris;Under Control (feat. Hurts);FALSE
O.T. Genasis;CoCo;TRUE
Jason Derulo;Wiggle (feat. Snoop Dogg);FALSE
Lilly Wood and The Prick;Prayer in C - Robin Schulz Radio Edit;FALSE
Jeremih;Don't Tell 'Em;TRUE
Nicki Minaj;Anaconda;TRUE
Calvin Harris;Blame (feat. John Newman);FALSE
DJ Snake;Turn Down for What;FALSE
Pitbull;Timber (feat. Ke$ha);FALSE
OneRepublic;Counting Stars;FALSE
Bobby Shmurda;Hot N*gga;TRUE
Calvin Harris;Summer;FALSE
ScHoolboy Q;Man Of The Year;TRUE
Nico & Vinz;Am I Wrong;FALSE
Becky G;Shower;FALSE
Sigma;Nobody To Love - Radio Edit;FALSE
The Chainsmokers;#SELFIE - Original Mix;FALSE
Lorde;Team;FALSE
Rixton;Me And My Broken Heart;FALSE
Klingande;Jubel - Radio Edit;FALSE
Mr. Probz;Waves - Robin Schulz Radio Edit;FALSE
Paloma Faith;Only Love Can Hurt Like This;FALSE
Kiesza;Hideaway;FALSE
Ellie Goulding;Burn;FALSE
Ariana Grande;Break Free;FALSE
Kid Ink;Show Me (feat. Chris Brown);TRUE
Tove Lo;Talking Body;TRUE
Chris Brown;Loyal (feat. Lil Wayne & Tyga);TRUE
OneRepublic;Love Runs Out;FALSE
Olly Murs;Up (feat. Demi Lovato);FALSE
Peking Duk;High (feat. Nicole Millar);FALSE
Milky Chance;Stolen Dance;FALSE
Ed Sheeran;Don't;FALSE
Ariana Grande;Love Me Harder;FALSE
Enrique Iglesias;Bailando - Spanish Version;FALSE
Avicii;Hey Brother;FALSE
Jessie J;Bang Bang;FALSE
Duke Dumont;I Got U;FALSE
Gorgon City;Ready For Your Love;FALSE
Taylor Swift;Style;FALSE
MKTO;Classic;FALSE
Disclosure;Latch;FALSE
Ariana Grande;Problem;FALSE
Charli XCX;Boom Clap;FALSE
One Direction;Steal My Girl;FALSE
Tiësto;Red Lights;FALSE
Selena Gomez;The Heart Wants What It Wants;FALSE
Rita Ora;I Will Never Let You Down;FALSE
5 Seconds of Summer;She Looks So Perfect;FALSE
The Script;Superheroes;FALSE
Taylor Swift;Shake It Off;FALSE
One Direction;Night Changes;FALSE
Ed Sheeran;Sing;FALSE
Alesso;Heroes (we could be);FALSE
Tiësto;Wasted;FALSE
G.R.L.;Ugly Heart;FALSE
Coldplay;A Sky Full of Stars;FALSE
Clean Bandit;Rather Be (feat. Jess Glynne);FALSE
Zedd;Stay The Night - Featuring Hayley Williams Of Paramore;FALSE
Sia;Elastic Heart;FALSE
One Direction;Story of My Life;FALSE
Alex & Sierra;Little Do You Know;FALSE
Omarion;Post to Be (feat. Chris Brown & Jhene Aiko);TRUE
Echosmith;Cool Kids;FALSE
Natalie La Rose;Somebody;FALSE
Vance Joy;Riptide;FALSE
Beyoncé;Drunk in Love (feat. Jay-Z);TRUE
Maroon 5;Sugar;TRUE
Ella Henderson;Ghost;FALSE
Ed Sheeran;"I See Fire - From ""The Hobbit - The Desolation Of Smaug""";FALSE
Chris Brown;New Flame (feat. Usher & Rick Ross);TRUE
Sheppard;Geronimo;FALSE
Olly Murs;Wrapped Up (feat. Travie McCoy);FALSE
Sam Smith;Money On My Mind;FALSE
Jason Derulo;Trumpets;FALSE
Nicki Minaj;Bed Of Lies;TRUE
Nick Jonas;Jealous - Remix;TRUE
Mark Ronson;Uptown Funk (feat. Bruno Mars);TRUE
Ed Sheeran;Thinking out Loud;FALSE
Wiz Khalifa;See You Again (feat. Charlie Puth);FALSE
Justin Bieber;What Do You Mean?;FALSE
Major Lazer;Lean On (feat. MØ & DJ Snake);FALSE
The Weeknd;"Earned It (Fifty Shades Of Grey) - From The ""Fifty Shades Of Grey"" Soundtrack";FALSE
Ellie Goulding;"Love Me Like You Do - From ""Fifty Shades Of Grey""";FALSE
Calvin Harris;Outside (feat. Ellie Goulding);FALSE
David Guetta;Hey Mama (feat. Nicki Minaj, Bebe Rexha & Afrojack);FALSE
Demi Lovato;Cool for the Summer;TRUE
Taylor Swift;Blank Space;FALSE
The Weeknd;The Hills;TRUE
The Neighbourhood;Daddy Issues;FALSE
Deorro;Five More Hours;FALSE
Avicii;The Nights;FALSE
DJ Snake;You Know You Like It;FALSE
Adam Lambert;Ghost Town;TRUE
Rae Sremmurd;No Type;TRUE
Taylor Swift;Bad Blood;FALSE
Flo Rida;GDFR (feat. Sage the Gemini & Lookas);FALSE
Robin Schulz;Sugar (feat. Francesco Yates);FALSE
Calvin Harris;How Deep Is Your Love;FALSE
Philip George;Wish You Were Mine - Radio Edit;FALSE
Trey Songz;Na Na;FALSE
Fall Out Boy;Centuries;FALSE
Rob $tone;Chill Bill (feat. J. Davi$ & Spooks);TRUE
Lost Frequencies;Are You With Me - Radio Edit;FALSE
Twenty One Pilots;Stressed Out;FALSE
Fifth Harmony;Worth It (feat. Kid Ink);FALSE
KALEO;Way down We Go;FALSE
Sam Smith;Like I Can;FALSE
Major Lazer;Light It Up (feat. Nyla & Fuse ODG) - Remix;FALSE
Martin Solveig;Intoxicated - New Radio Mix;FALSE
Avicii;Waiting For Love;FALSE
Felix Jaehn;Ain't Nobody (Loves Me Better) (feat. Jasmine Thompson);FALSE
Taylor Swift;Wildest Dreams;FALSE
The Weeknd;In The Night;TRUE
Pitbull;Time of Our Lives;TRUE
Galantis;Runaway (U & I);FALSE
Rihanna;Bitch Better Have My Money;TRUE
Zara Larsson;Lush Life;FALSE
One Direction;Drag Me Down;FALSE
Travis Scott;Antidote;TRUE
Years & Years;King;FALSE
Demi Lovato;Confident;TRUE
Lemaitre;Closer;FALSE
Selena Gomez;Same Old Love;FALSE
Pia Mia;Do It Again;TRUE
Flo Rida;My House;FALSE
Silentó;Watch Me (Whip / Nae Nae);FALSE
Chris Brown;Ayo;TRUE
The Strumbellas;Spirits;FALSE
Fetty Wap;Trap Queen;TRUE
Tove Lo;Talking Body;TRUE
Beyoncé;7-Nov;FALSE
Lana Del Rey;High By The Beach;TRUE
Zara Larsson;Never Forget You;FALSE
Jeremih;oui;FALSE
Drake;Hotline Bling;FALSE
Selena Gomez;Kill Em With Kindness;FALSE
Birdy;Let It All Go;FALSE
Fetty Wap;679 (feat. Remy Boyz);TRUE
Ariana Grande;Love Me Harder;FALSE
The Weeknd;Can't Feel My Face;FALSE
SAYGRACE;You Don't Own Me (feat. G-Eazy);FALSE
X Ambassadors;Renegades;FALSE
R. City;Locked Away (feat. Adam Levine);FALSE
Kygo;Stole the Show;FALSE
Tame Impala;The Less I Know The Better;TRUE
Selena Gomez;Good For You;TRUE
Fetty Wap;My Way (feat. Monty);TRUE
Hozier;Take Me To Church;FALSE
Taylor Swift;Style;FALSE
Alessia Cara;Here;FALSE
Sam Smith;"Writing's On The Wall - From ""Spectre"" Soundtrack";FALSE
David Guetta;Bang My Head (feat. Sia & Fetty Wap);FALSE
Meek Mill;All Eyes on You (feat. Chris Brown & Nicki Minaj);TRUE
Big Sean;I Don't Fuck With You;TRUE
Kygo;Firestone;FALSE
Drake;Jumpman;TRUE
Petit Biscuit;Sunset Lover;FALSE
Shawn Mendes;Stitches;FALSE
Flo Rida;I Don't Like It, I Love It (feat. Robin Thicke & Verdine White);FALSE
Selena Gomez;The Heart Wants What It Wants;FALSE
Jack Ü;Where Are Ü Now (with Justin Bieber);FALSE
Ellie Goulding;On My Mind;FALSE
Bryson Tiller;Don't;TRUE
Rich Homie Quan;Flex (Ooh, Ooh, Ooh);TRUE
Joel Adams;Please Don't Go;FALSE
Zedd;I Want You To Know;FALSE
Jonas Blue;Fast Car;FALSE
BØRNS;Electric Love;FALSE
Sigala;Easy Love;FALSE
Justin Bieber;Sorry;FALSE
Ariana Grande;One Last Time;FALSE
Little Mix;Black Magic;FALSE
One Direction;Perfect;FALSE
Years & Years;Shine;FALSE
Meghan Trainor;Lips Are Movin;FALSE
Nicky Jam;El Perdón - Forgiveness;FALSE
The Weeknd;Starboy;TRUE
Drake;One Dance;FALSE
Justin Bieber;Love Yourself;FALSE
The Chainsmokers;Closer;FALSE
Adele;Hello;FALSE
Desiigner;Panda;TRUE
Burak Yeter;Tuesday (feat. Danelle Sandoval);FALSE
Sia;Cheap Thrills (feat. Sean Paul);FALSE
OneRepublic;Wherever I Go;FALSE
Rihanna;Work;TRUE
Coldplay;Hymn for the Weekend;FALSE
Justin Bieber;Sorry;FALSE
Justin Timberlake;"CAN'T STOP THE FEELING! (from DreamWorks Animation's ""TROLLS"")";FALSE
WILLOW;Wait a Minute!;FALSE
Desiigner;Tiimmy Turner;TRUE
G-Eazy;Me, Myself & I;TRUE
David Guetta;This One's for You (feat. Zara Larsson) (Official Song UEFA EURO 2016);FALSE
Astrid S;Hurts So Good;FALSE
Lil Wayne;Sucker for Pain (with Wiz Khalifa, Imagine Dragons, Logic & Ty Dolla $ign feat. X Ambassadors);TRUE
Twenty One Pilots;Heathens;FALSE
Future;Low Life (feat. The Weeknd);TRUE
Galantis;No Money;FALSE
The Chainsmokers;Don't Let Me Down;FALSE
Tinie Tempah;Girls Like (feat. Zara Larsson);TRUE
Alok;Hear Me Now;FALSE
Jon Bellion;All Time Low;TRUE
Cheat Codes;Sex;FALSE
Meghan Trainor;NO;FALSE
Dua Lipa;Hotter Than Hell;FALSE
Martin Garrix;In the Name of Love;FALSE
Alan Walker;Faded;FALSE
Tove Lo;Cool Girl;TRUE
DJ Snake;Let Me Love You;FALSE
Calvin Harris;This Is What You Came For (feat. Rihanna);FALSE
Mike Posner;I Took A Pill In Ibiza - Seeb Remix;TRUE
Kevin Gates;2 Phones;TRUE
Rihanna;Needed Me;TRUE
Ariana Grande;Side To Side;TRUE
Marshmello;Alone;FALSE
Shawn Mendes;I Know What You Did Last Summer;FALSE
Selena Gomez;Same Old Love;FALSE
Calvin Harris;My Way;FALSE
Fitz and The Tantrums;HandClap;FALSE
Twenty One Pilots;Ride;FALSE
Flo Rida;My House;FALSE
Ariana Grande;Dangerous Woman;FALSE
Anne-Marie;Alarm;TRUE
Charlie Puth;We Don't Talk Anymore (feat. Selena Gomez);FALSE
AlunaGeorge;I'm In Control;FALSE
Enrique Iglesias;DUELE EL CORAZON (feat. Wisin);FALSE
MNEK;Never Forget You;FALSE
Mike Perry;The Ocean (feat. Shy Martin);FALSE
Drake;Hotline Bling;FALSE
Ariana Grande;Into You;FALSE
Shawn Mendes;Treat You Better;FALSE
Tory Lanez;Say It;TRUE
Coldplay;Adventure of a Lifetime;FALSE
Kungs;This Girl - Kungs Vs. Cookin' On 3 Burners;FALSE
SAYGRACE;You Don't Own Me (feat. G-Eazy);FALSE
X Ambassadors;Renegades;FALSE
DNCE;Cake By The Ocean;TRUE
99 Souls;The Girl Is Mine;FALSE
Illy;Papercuts (feat. Vera Blue);FALSE
Kiiara;Gold;FALSE
Kygo;Stole the Show;FALSE
Fifth Harmony;Work from Home (feat. Ty Dolla $ign);FALSE
Drake;Pop Style;TRUE
ZAYN;PILLOWTALK;TRUE
Alessia Cara;Here;FALSE
DJ Snake;Middle;FALSE
Sigala;Sweet Lovin' - Radio Edit;FALSE
Drake;Jumpman;TRUE
Charlie Puth;Dangerously;FALSE
Nick Jonas;Close;FALSE
Jonas Blue;Perfect Strangers;FALSE
Major Lazer;Cold Water (feat. Justin Bieber & MØ);FALSE
The Chainsmokers;Roses;FALSE
Tory Lanez;LUV;TRUE
P!nk;"Just Like Fire (From the Original Motion Picture ""Alice Through The Looking Glass"")";FALSE
Bryson Tiller;Don't;TRUE
Steve Aoki;Just Hold On;FALSE
Clean Bandit;Tears (feat. Louisa Johnson);FALSE
Jonas Blue;Fast Car;FALSE
Flume;Never Be Like You;TRUE
Bastille;Good Grief;FALSE
Sia;The Greatest (feat. Kendrick Lamar);FALSE
PARTYNEXTDOOR;Not Nice;FALSE
Garrett Nash;i hate u, i love u (feat. olivia o'brien);TRUE
Hilltop Hoods;1955;FALSE
Fifth Harmony;All In My Head (Flex) (feat. Fetty Wap);FALSE
Daya;Sit Still, Look Pretty;FALSE
Kent Jones;Don't Mind;TRUE
Flume;Say It;TRUE
Bryson Tiller;Exchange;TRUE
MØ;Final Song;FALSE
Beyoncé;Sorry;TRUE
Little Mix;Shout Out to My Ex;FALSE
The Lumineers;Ophelia;FALSE
Frank Ocean;Pink + White;FALSE
Drake;Too Good;TRUE
Ed Sheeran;Shape of You;FALSE
Sean Paul;No Lie;FALSE
Luis Fonsi;Despacito (Featuring Daddy Yankee);FALSE
Sam Smith;Too Good At Goodbyes;FALSE
Clean Bandit;Rockabye (feat. Sean Paul & Anne-Marie);FALSE
Camila Cabello;Havana (feat. Young Thug);FALSE
Imagine Dragons;Thunder;FALSE
Maroon 5;Don't Wanna Know (feat. Kendrick Lamar);FALSE
The Chainsmokers;Something Just Like This;FALSE
Ed Sheeran;Perfect;FALSE
MGMT;Little Dark Age;FALSE
Travis Scott;goosebumps;TRUE
Billie Eilish;Bored;FALSE
Future;Mask Off;TRUE
G-Eazy;Him & I;TRUE
Maroon 5;Cold (feat. Future);TRUE
Rae Sremmurd;Swang;TRUE
Lil Peep;Save That Shit;TRUE
A$AP Ferg;Plain Jane;TRUE
French Montana;Unforgettable;TRUE
21 Savage;Bank Account;TRUE
Axwell /\ Ingrosso;More Than You Know;FALSE
ZAYN;Dusk Till Dawn (feat. Sia) - Radio Edit;FALSE
J Balvin;Mi Gente;FALSE
Jax Jones;You Don't Know Me - Radio Edit;TRUE
Rae Sremmurd;Black Beatles;TRUE
Zara Larsson;Ain't My Fault;FALSE
Travis Scott;BUTTERFLY EFFECT;FALSE
Ayo & Teo;Rolex;FALSE
Lil Uzi Vert;XO Tour Llif3;TRUE
Imagine Dragons;Whatever It Takes;FALSE
Rob $tone;Chill Bill (feat. J. Davi$ & Spooks);TRUE
Jason Derulo;Swalla (feat. Nicki Minaj & Ty Dolla $ign);TRUE
G-Eazy;No Limit;TRUE
Playboi Carti;Magnolia;TRUE
Chord Overstreet;Hold On;FALSE
Jax Jones;Breathe;FALSE
Imagine Dragons;Believer;FALSE
Natti Natasha;Criminal;FALSE
Kendrick Lamar;HUMBLE.;TRUE
Selena Gomez;Fetish (feat. Gucci Mane);FALSE
Charlie Puth;Attention;FALSE
Big Shaq;Man's Not Hot;FALSE
Anne-Marie;Ciao Adios;FALSE
Rag'n'Bone Man;Human;FALSE
blackbear;do re mi;TRUE
Lil Pump;Gucci Gang;TRUE
Taylor Swift;Look What You Made Me Do;FALSE
Enrique Iglesias;SUBEME LA RADIO (feat. Descemer Bueno & Zion & Lennox);FALSE
Kodak Black;Tunnel Vision;TRUE
Kendrick Lamar;DNA.;TRUE
A Boogie Wit da Hoodie;Drowning (feat. Kodak Black);TRUE
XXXTENTACION;Jocelyn Flores;TRUE
Migos;Bad and Boujee (feat. Lil Uzi Vert);TRUE
Yo Gotti;Rake It Up (feat. Nicki Minaj);TRUE
Martin Garrix;Scared to Be Lonely;FALSE
Jonas Blue;Mama;FALSE
Martin Jensen;Solo Dance;FALSE
Taylor Swift;...Ready For It?;FALSE
David Guetta;2U (feat. Justin Bieber);FALSE
Migos;Slippery (feat. Gucci Mane);TRUE
Shawn Mendes;There's Nothing Holdin' Me Back;FALSE
G-Eazy;Good Life (with G-Eazy & Kehlani);FALSE
The Vamps;All Night;FALSE
Dua Lipa;New Rules;FALSE
Cardi B;Bodak Yellow;TRUE
Rag'n'Bone Man;Skin;FALSE
Zara Larsson;I Would Like;FALSE
DJ Khaled;Wild Thoughts (feat. Rihanna & Bryson Tiller);TRUE
Post Malone;Congratulations;TRUE
Avicii;Without You (feat. Sandro Cavazza);TRUE
Clean Bandit;Symphony (feat. Zara Larsson);FALSE
Katy Perry;Chained To The Rhythm;FALSE
Zay Hilfigerrr;Juju on That Beat (TZ Anthem);FALSE
Calvin Harris;Feels (feat. Pharrell Williams, Katy Perry & Big Sean);TRUE
Migos;T-Shirt;TRUE
OneRepublic;Rich Love (with Seeb);FALSE
Maggie Lindemann;Pretty Girl - Cheat Codes X CADE Remix;TRUE
Macklemore;Glorious (feat. Skylar Grey);TRUE
Hayden James;NUMB;TRUE
Liam Payne;Strip That Down;FALSE
Drake;Passionfruit;TRUE
Justin Bieber;Friends (with BloodPop®);FALSE
ZAYN;"I Don’t Wanna Live Forever (Fifty Shades Darker) - From ""Fifty Shades Darker (Original Motion Picture Soundtrack)""";FALSE
Alessia Cara;Scars To Your Beautiful;FALSE
2 Chainz;It's A Vibe;TRUE
Starley;Call on Me - Ryan Riback Remix;FALSE
AJR;Weak;FALSE
Lana Del Rey;Lust for Life (with The Weeknd);FALSE
CNCO;Reggaetón Lento (Remix);FALSE
The Vamps;Middle Of The Night;FALSE
The Weeknd;I Feel It Coming;FALSE
The Chainsmokers;Paris;FALSE
Big Sean;Bounce Back;TRUE
Shawn Mendes;Mercy;FALSE
Avicii;Lonely Together (feat. Rita Ora);FALSE
Cheat Codes;No Promises (feat. Demi Lovato);FALSE
Bruno Mars;24K Magic;FALSE
Lorde;Homemade Dynamite - REMIX;TRUE
Kygo;It Ain't Me (with Selena Gomez);FALSE
Drake;God's Plan;TRUE
Post Malone;rockstar (feat. 21 Savage);TRUE
Offset;Ric Flair Drip (with Metro Boomin);TRUE
G-Eazy;Him & I (with Halsey);TRUE
Dynoro;In My Mind;FALSE
Juice WRLD;Lucid Dreams;TRUE
Zedd;The Middle;FALSE
Marshmello;FRIENDS;TRUE
Cardi B;I Like It;TRUE
XXXTENTACION;Moonlight;TRUE
Ariana Grande;no tears left to cry;FALSE
Sheck Wes;Mo Bamba;TRUE
Calvin Harris;One Kiss (with Dua Lipa);FALSE
Tyga;Taste (feat. Offset);TRUE
Travis Scott;SICKO MODE;TRUE
Imagine Dragons;Natural;FALSE
DJ Snake;Taki Taki (with Selena Gomez, Ozuna & Cardi B);TRUE
Marshmello;Spotlight;FALSE
The Weeknd;Pray For Me (with Kendrick Lamar);TRUE
Billie Eilish;lovely (with Khalid);FALSE
Migos;Walk It Talk It;TRUE
Clean Bandit;Solo (feat. Demi Lovato);FALSE
Drake;Nonstop;TRUE
6ix9ine;FEFE;TRUE
The Weeknd;Call Out My Name;FALSE
Nio Garcia;Te Boté - Remix;TRUE
Migos;MotorSport;TRUE
Nicky Jam;X;FALSE
XXXTENTACION;SAD!;TRUE
Becky G;Sin Pijama;FALSE
Machine Gun Kelly;Home (with Machine Gun Kelly, X Ambassadors & Bebe Rexha);FALSE
6ix9ine;GUMMO;TRUE
Jax Jones;Breathe;FALSE
The Chainsmokers;Sick Boy;FALSE
Jay Rock;King's Dead (with Kendrick Lamar, Future & James Blake);TRUE
Rich The Kid;Plug Walk;TRUE
Kendrick Lamar;All The Stars (with SZA);TRUE
Logic;Everyday;TRUE
Jason Derulo;Tip Toe (feat. French Montana);FALSE
Ariana Grande;God is a woman;TRUE
Rae Sremmurd;Powerglide (feat. Juicy J) - From SR3MM;TRUE
EO;German;FALSE
Dennis Lloyd;Nevermind;FALSE
girl in red;we fell in love in october;FALSE
Selena Gomez;Wolves;FALSE
Tiësto;Jackie Chan;TRUE
Tom Walker;Leave a Light On;FALSE
Sofía Reyes;1, 2, 3 (feat. Jason Derulo & De La Ghetto);FALSE
Marshmello;Silence;FALSE
5 Seconds of Summer;Youngblood;FALSE
Loud Luxury;Body (feat. brando);FALSE
Liam Payne;For You (Fifty Shades Freed) (& Rita Ora);FALSE
NF;Let You Down;FALSE
XXXTENTACION;changes;FALSE
Maluma;Corazón (feat. Nego do Borel);FALSE
Cardi B;Bodak Yellow;TRUE
Lil Baby;Yes Indeed;TRUE
Jonas Blue;Rise;FALSE
David Guetta;Flames;FALSE
Ozuna;Vaina Loca;FALSE
Charlie Puth;How Long;FALSE
Post Malone;Better Now;TRUE
BlocBoy JB;Look Alive (feat. Drake);TRUE
Eminem;River (feat. Ed Sheeran);TRUE
Marshmello;Happier;FALSE
Dean Lewis;Be Alright;TRUE
Charlie Puth;Done for Me (feat. Kehlani);FALSE
Migos;Stir Fry;TRUE
YG;BIG BANK (feat. 2 Chainz, Big Sean, Nicki Minaj);TRUE
Drake;In My Feelings;TRUE
B Young;Jumanji;FALSE
Charlie Puth;The Way I Am;FALSE
Reik;Me Niego (feat. Ozuna & Wisin);FALSE
benny blanco;Eastside (with Halsey & Khalid);FALSE
Luis Fonsi;Échame La Culpa;FALSE
MK;17;FALSE
Rita Ora;Anywhere;FALSE
Banx & Ranx;Answerphone (feat. Yxng Bane);FALSE
Ella Mai;Trip;FALSE
Daddy Yankee;Dura;FALSE
DJ Khaled;No Brainer;TRUE
Anne-Marie;2002;FALSE
Bruno Mars;Finesse - Remix;
FINNEAS;Let's Fall in Love for the Night;TRUE
Hugh Jackman;The Greatest Show;FALSE
Halsey;Bad At Love;FALSE
Drake;I'm Upset;TRUE
Camila Cabello;Never Be the Same;FALSE
M.O;Bad Vibe;FALSE
Dua Lipa;IDGAF;TRUE
Cashmere Cat;Miss You (with Major Lazer & Tory Lanez);FALSE
Bazzi;Mine;TRUE
Lil Dicky;Freaky Friday (feat. Chris Brown);TRUE
Lauv;I Like Me Better;FALSE
The Chainsmokers;This Feeling;FALSE
Maroon 5;Girls Like You (feat. Cardi B) - Cardi B Version;TRUE
Khalid;Love Lies (with Normani);FALSE
Drake;Nice For What;TRUE
Kendrick Lamar;LOVE. FEAT. ZACARI.;TRUE
Post Malone;Psycho (feat. Ty Dolla $ign);TRUE
Lil Nas X;Old Town Road - Remix;FALSE
Billie Eilish;bad guy;FALSE
Shawn Mendes;Señorita;FALSE
Ariana Grande;7 rings;TRUE
Post Malone;Sunflower - Spider-Man: Into the Spider-Verse;FALSE
Gesaffelstein;Lost in the Fire (feat. The Weeknd);TRUE
Halsey;Without Me;TRUE
Regard;Ride It;FALSE
Lady Gaga;Shallow;FALSE
Mark Ronson;Nothing Breaks Like a Heart (feat. Miley Cyrus);FALSE
Lewis Capaldi;Someone You Loved;FALSE
Jax Jones;All Day And Night;FALSE
Mustard;Pure Water (with Migos);TRUE
NLE Choppa;Shotta Flow (feat. Blueface) [Remix];TRUE
Kodak Black;ZEZE (feat. Travis Scott & Offset);TRUE
Daddy Yankee;Con Calma;FALSE
Alec Benjamin;Let Me Down Slowly;FALSE
BLACKPINK;Kill This Love;FALSE
Offset;Clout (feat. Cardi B);TRUE
MEDUZA;Piece Of Your Heart;FALSE
Ed Sheeran;Antisocial (with Travis Scott);FALSE
Travis Scott;SICKO MODE;TRUE
Mabel;Mad Love;FALSE
Lana Del Rey;Doin' Time;TRUE
DJ Snake;Taki Taki (feat. Selena Gomez, Ozuna & Cardi B);TRUE
A Boogie Wit da Hoodie;Look Back at It;TRUE
Saweetie;My Type;TRUE
Lil Tecca;Ransom;TRUE
Russ Millions;Keisha & Becky - Remix;TRUE
Billie Eilish;lovely (with Khalid);FALSE
Mabel;Don't Call Me Up;FALSE
Lil Nas X;Old Town Road;FALSE
Meek Mill;Going Bad (feat. Drake);TRUE
Post Malone;Wow.;TRUE
Doja Cat;Juicy;TRUE
A Boogie Wit da Hoodie;Swervin (feat. 6ix9ine);TRUE
iann dior;emotions;FALSE
Paulo Londra;Adan y Eva;FALSE
Drake;Money In The Grave (Drake ft. Rick Ross);TRUE
Lil Nas X;Panini;FALSE
Bad Bunny;MIA (feat. Drake);FALSE
Polo G;Pop Out (feat. Lil Tjay);TRUE
Juice WRLD;Robbery;TRUE
21 Savage;a lot;TRUE
Young Thug;The London (feat. J. Cole & Travis Scott);TRUE
Anuel AA;China;FALSE
Camila Cabello;Liar;FALSE
Flipp Dinero;Leave Me Alone;TRUE
Cardi B;Money;TRUE
Ariana Grande;break up with your girlfriend, i'm bored;TRUE
Dave;Location (feat. Burna Boy);TRUE
Ava Max;Sweet but Psycho;FALSE
Dua Lipa;Don't Start Now;FALSE
Young T & Bugsey;Strike a Pose (feat. Aitch);TRUE
Calvin Harris;Giant (with Rag'n'Bone Man);FALSE
Ed Sheeran;Take Me Back to London (feat. Stormzy);TRUE
Cardi B;Please Me;TRUE
Stormzy;Vossi Bop;TRUE
Tones And I;Dance Monkey;FALSE
Ariana Grande;boyfriend (with Social House);TRUE
Bad Bunny;Callaita;TRUE
Ava Max;So Am I;FALSE
Pedro Capó;Calma - Remix;FALSE
J. Cole;MIDDLE CHILD;TRUE
Lunay;Soltera - Remix;FALSE
Khalid;Better;FALSE
Blueface;Thotiana;TRUE
DaBaby;Suge;TRUE
AJ Tracey;Ladbroke Grove;FALSE
Billie Eilish;bury a friend;FALSE
BTS;Boy With Luv (feat. Halsey);FALSE
Wiley;Boasty (feat. Idris Elba);TRUE
Jonas Brothers;Only Human;FALSE
5 Seconds of Summer;Easier;FALSE
Avicii;SOS (feat. Aloe Blacc);FALSE
Tyler; The Creator;190066
Ashley O;On A Roll;FALSE
Dominic Fike;3 Nights;FALSE
Sigala;Wish You Well;FALSE
Megan Thee Stallion;Hot Girl Summer (feat. Nicki Minaj & Ty Dolla $ign);TRUE
Anuel AA;Secreto;FALSE
Sam Feldt;Post Malone (feat. RANI);FALSE
Kehlani;Nights Like This (feat. Ty Dolla $ign);TRUE
Sech;Otro Trago;TRUE
Post Malone;Better Now;TRUE
Ed Sheeran;Cross Me (feat. Chance the Rapper & PnB Rock);TRUE
Lauv;i'm so tired...;FALSE
iann dior;gone girl;TRUE
Panic! At The Disco;High Hopes;FALSE
Marshmello;One Thing Right;FALSE
Sam Smith;How Do You Sleep?;FALSE
NSG;Options;TRUE
Normani;Motivation;FALSE
Joel Corry;Sorry;FALSE
Post Malone;Goodbyes (Feat. Young Thug);TRUE
Jonas Brothers;Sucker;FALSE
Taylor Swift;Cruel Summer;FALSE
Blanco Brown;The Git Up;FALSE
Sam Smith;Dancing With A Stranger (with Normani);FALSE
Post Malone;Circles;FALSE