artist;song;popularity
Britney Spears;Oops!...I Did It Again;77
blink-182;All The Small Things;79
Faith Hill;Breathe;66
Bon Jovi;It's My Life;78
*NSYNC;Bye Bye Bye;65
Sisqo;Thong Song;69
Eminem;The Real Slim Shady;86
Robbie Williams;Rock DJ;68
Destiny's Child;Say My Name;75
Modjo;Lady - Hear Me Tonight;77
Gigi D'Agostino;L'Amour Toujours;1
Eiffel 65;Move Your Body - Gabry Ponte Original Radio Edit;56
Bomfunk MC's;Freestyler;55
Sting;Desert Rose;62
Melanie C;Never Be The Same Again;61
Aaliyah;Try Again;53
Anastacia;I'm Outta Love - Radio Edit;64
Alice Deejay;Better Off Alone;73
Gigi D'Agostino;The Riddle;64
Dr. Dre;The Next Episode;82
Linkin Park;In the End;83
Tom Jones;Sexbomb;65
Sonique;It Feels So Good;62
M.O.P.;Cold as Ice;54
Melanie C;I Turn To You;54
Limp Bizkit;Take A Look Around;72
Darude;Sandstorm;69
Da Brat;What'chu Like (feat. Tyrese);53
Moloko;The Time Is Now;54
Chicane;Don't Give Up;47
DMX;Party Up;71
Debelah Morgan;Dance with Me;49
Madonna;Music;58
Ruff Endz;No More;52
Britney Spears;Born to Make You Happy;58
Montell Jordan;Get It On Tonite;59
Kylie Minogue;Spinning Around;55
JAY-Z;Big Pimpin';69
LeAnn Rimes;I Need You;61
Avant;Separated;55
Enrique Iglesias;Be With You;54
Toni Braxton;He Wasn't Man Enough;66
Bow Wow;Bounce With Me (feat. Xscape) - Edited Album Version;36
Dr. Dre;Forgot About Dre;79
Missy Elliott;Hot Boyz;49
Backstreet Boys;Show Me the Meaning of Being Lonely;68
Samantha Mumba;Gotta Tell You;43
Mýa;Case Of The Ex (Whatcha Gonna Do);59
Mary Mary;Shackles (Praise You);64
Next;Wifey;52
Janet Jackson;Doesn't Really Matter;47
Ricky Martin;She Bangs - English Version;60
Jagged Edge;He Can't Love U;55
Sisqo;Incomplete;60
JAY-Z;I Just Wanna Love U (Give It 2 Me);59
Mariah Carey;Thank God I Found You (feat. Joe & 98°);59
Baha Men;Who Let The Dogs Out;65
Donell Jones;"U Know What's Up (feat. Lisa ""Left Eye"" Lopes)";63
LeAnn Rimes;Can't Fight The Moonlight;65
Oasis;Go Let It Out;0
DJ Ötzi;Hey Baby (Radio Mix);58
P!nk;Most Girls;52
Mariah Carey;Against All Odds (Take A Look at Me Now) (feat. Westlife);0
Craig David;Fill Me In;60
Christina Aguilera;I Turn to You;61
Madonna;American Pie;58
Red Hot Chili Peppers;Otherside;78
Sammie;I Like It;55
Craig David;7 Days;70
Santana;Maria Maria (feat. The Product G&B);66
Kandi;Don't Think I'm Not;55
P!nk;There You Go;55
Vengaboys;Shalala Lala;58
Ronan Keating;Life Is A Rollercoaster;59
Madison Avenue;Don't Call Me Baby;56
Destiny's Child;Jumpin', Jumpin';70
Céline Dion;That's the Way It Is;64
3 Doors Down;Kryptonite;78
Carl Thomas;I Wish;52
Mystikal;Shake Ya Ass;57
Fuel;Hemorrhage (In My Hands);49
Donell Jones;Where I Wanna Be;57
Savage Garden;Crash and Burn;54
Westlife;My Love;68
All Saints;Pure Shores;62
Destiny's Child;Independent Women, Pt. 1;65
*NSYNC;It's Gonna Be Me;60
Erykah Badu;Bag Lady;54
Marc Anthony;You Sang To Me;56
Matchbox Twenty;Bent;54
Gabrielle;Rise;60
Backstreet Boys;Shape of My Heart;70
Creed;With Arms Wide Open;64
The Corrs;Breathless;68
Joe;I Wanna Know;65
Wheatus;Teenage Dirtbag;71
Christina Aguilera;Come on over Baby (All I Want Is You) - Radio Version;64
Creed;Higher;69
Britney Spears;Lucky;65
Nelly;Country Grammar (Hot Shit);68
Shaggy;It Wasn't Me;76
Destiny's Child;Survivor;70
Eminem;Stan;83
Kylie Minogue;Can't Get You out of My Head;73
Christina Aguilera;"Lady Marmalade - From ""Moulin Rouge"" Soundtrack";68
Nelly Furtado;I'm Like A Bird;1
Shakira;Whenever, Wherever;74
Jimmy Eat World;The Middle;78
Train;Drops of Jupiter (Tell Me);77
Geri Halliwell;It's Raining Men;62
Blu Cantrell;Hit 'Em Up Style (Oops!);71
Britney Spears;I'm a Slave 4 U;69
Kylie Minogue;In Your Eyes;62
Missy Elliott;One Minute Man (feat. Ludacris);57
Mary J. Blige;Family Affair;76
Faithless;We Come 1 - Radio Edit;53
Limp Bizkit;Rollin' (Air Raid Vehicle);73
Lasgo;Something;65
iio;Rapture (feat.Nadia Ali);54
Emma Bunton;What Took You So Long?;54
112;It's Over Now;57
Blue;All Rise;63
Jessica Simpson;Irresistible;43
Crazy Town;Butterfly;71
Michael Jackson;You Rock My World;64
Eve;Let Me Blow Ya Mind;73
Jennifer Lopez;Ain't It Funny;0
Brandy;Another Day in Paradise - R&B-Version;50
Nickelback;How You Remind Me;78
Daft Punk;One More Time;76
Outkast;Ms. Jackson;82
Fragma;Everytime You Need Me - Radio Version;50
Mariah Carey;Loverboy;42
Dido;Thank You;73
Joe;Stutter (feat. Mystikal) - Double Take Remix;57
P.O.D.;Youth of the Nation;69
Jennifer Lopez;Play;57
Missy Elliott;Get Ur Freak On;68
Ricky Martin;Nobody Wants to Be Lonely (with Christina Aguilera);52
Christina Milian;AM To PM;60
Roger Sanchez;Another Chance;50
Gorillaz;Clint Eastwood;74
2Pac;Until The End Of Time;57
Tamia;Stranger in My House;48
Mary J. Blige;No More Drama;61
Jennifer Lopez;Love Don't Cost a Thing;67
Jamiroquai;Little L;65
Case;Missing You;55
112;Peaches & Cream;63
Five;Let's Dance - Radio Edit;47
Rui Da Silva;Touch Me (Radio Edit) [feat. Cassandra];54
Alien Ant Farm;Smooth Criminal;75
Erick Sermon;Music (feat. Marvin Gaye);57
D12;Purple Pills;68
Usher;Pop Ya Collar - Radio Edit;26
Madonna;Don't Tell Me;53
Blue;If You Come Back;58
Atomic Kitten;Eternal Flame - Single Version;58
Jagged Edge;Where the Party At (feat. Nelly);67
Afroman;Because I Got High;68
S Club 7;Don't Stop Movin';63
Craig David;Fill Me In;60
Nelly Furtado;Turn Off The Light;1
The Supermen Lovers;Starlight - Radio Edit;61
Mis-Teeq;All I Want - Sunship Radio Edit;46
Jagged Edge;Promise;56
S Club 7;Have You Ever;60
Enya;Only Time;69
Faith Hill;There You'll Be;60
Ronan Keating;Lovin' Each Day;58
Destiny's Child;Bootylicious;64
Steps;It's the Way You Make Me Feel;53
Sunshine Anderson;Heard It All Before;56
Lenny Kravitz;Again;68
Daniel Bedingfield;Gotta Get Thru This - D'N'D Radio Edit;46
DB Boulevard;Point Of View - Radio Edit;0
Janet Jackson;All For You;65
Atomic Kitten;Whole Again;66
Ja Rule;Livin' It Up;64
Destiny's Child;Independent Women, Pt. 1;65
DJ Pied Piper & The Masters Of Ceremonies;Do You Really Like It? - Radio Edit;54
Jennifer Lopez;I'm Real (feat. Ja Rule) - Murder Remix;66
Musiq Soulchild;Love;0
So Solid Crew;21 Seconds;51
Robbie Williams;Eternity;48
Basement Jaxx;Romeo;0
Ludacris;Southern Hospitality (Featuring Pharrell);54
Gabrielle;Rise;60
Nelly;Ride Wit Me;75
Trick Daddy;I'm a Thug;59
Travis;Sing;68
JAY-Z;Izzo (H.O.V.A.);63
Gabrielle;Out Of Reach;69
OPM;Heaven Is a Halfpipe (If I Die);56
K-Ci & JoJo;Crazy;30
Staind;It's Been Awhile;64
3LW;No More (Baby I'ma Do Right);56
Ginuwine;Differences;65
*NSYNC;Gone;45
Lifehouse;Hanging By A Moment;61
Nelly;Dilemma;77
Eminem;Without Me;87
Avril Lavigne;Complicated;78
Vanessa Carlton;A Thousand Miles;75
The Calling;Wherever You Will Go;72
Shakira;Underneath Your Clothes;64
No Doubt;Underneath It All;27
Truth Hurts;Addictive;58
Busta Rhymes;I Know What You Want (feat. Flipmode Squad);68
Eminem;'Till I Collapse;85
Diddy;I Need a Girl (Pt. 2) [feat. Loon, Ginuwine & Mario Winans];69
Christina Milian;When You Look At Me - Radio Edit;60
Madonna;Die Another Day;53
Jennifer Lopez;I'm Gonna Be Alright (feat. Nas);53
Angie Martinez;If I Could Go! (feat. Lil' Mo & Sacario);40
Linkin Park;In the End;83
Las Ketchup;The Ketchup Song (Aserejé) - Spanglish Version;66
Aaliyah;Rock The Boat;0
Holly Valance;Kiss Kiss;54
Sugababes;Round Round;59
Marilyn Manson;Tainted Love;60
Brandy;What About Us?;43
Chad Kroeger;Hero (feat. Josey Scott);66
Britney Spears;Overprotected - Radio Edit;61
Scooter;The Logical Song;46
Missy Elliott;4 My People (feat. Eve);49
Aaliyah;More Than A Woman;42
Brandy;Full Moon;52
Blue;One Love;60
Busta Rhymes;Pass The Courvoisier Part II (feat. P. Diddy & Pharrell) - Remix;55
Céline Dion;A New Day Has Come - Radio Remix;59
Scooter;Nessaja;47
Eve;Gangsta Lovin';58
Disturbing Tha Peace;Move Bitch;59
Khia;My Neck, My Back (Lick It);59
Tweet;Oops (Oh My) [feat. Missy Elliott];64
Kylie Minogue;Spinning Around;55
Nelly;Hot In Herre;75
Gareth Gates;Anyone of Us (Stupid Mistake);53
Christina Aguilera;Dirrty (feat. Redman);68
B2K;Uh Huh;49
Sugababes;Freak Like Me;45
Dirty Vegas;Days Go By;48
Fat Joe;What's Luv? (feat. Ja-Rule & Ashanti);73
Liberty X;Just A Little;43
No Doubt;Hella Good;26
LL Cool J;Luv U Better;2
Red Hot Chili Peppers;Can't Stop;80
Musiq Soulchild;Halfcrazy;58
Sean Paul;Gimme the Light;59
Faith Evans;I Love You;53
Charli Baltimore;Down 4 U;47
Kylie Minogue;Love at First Sight;55
N.O.R.E.;Nothin';58
Gareth Gates;Unchained Melody;35
Diddy;I Need a Girl (Pt. 1) [feat. Usher & Loon];63
Big Brovaz;Nu Flow;45
No Doubt;Hey Baby;24
Ashanti;Baby;55
Sophie Ellis-Bextor;Murder On The Dancefloor;62
Justin Timberlake;Like I Love You;62
Mary J. Blige;Rainy Dayz;32
A1;Caught in the Middle;53
Eminem;Cleanin' Out My Closet;71
Ashanti;Happy;61
Delta Goodrem;Born to Try;54
P!nk;Get the Party Started;68
Alicia Keys;A Woman's Worth;52
Daniel Bedingfield;Gotta Get Thru This - D'N'D Radio Edit;56
Coldplay;Clocks;79
Missy Elliott;Work It;70
Ronan Keating;If Tomorrow Never Comes;60
Big Tymers;Still Fly;64
Creed;My Sacrifice;69
Ja Rule;Always On Time;73
Ashanti;Foolish;70
Avril Lavigne;Sk8er Boi;75
DJ Sammy;Heaven;63
Britney Spears;I'm Not a Girl, Not Yet a Woman;58
Cam’ron;Oh Boy;67
Red Hot Chili Peppers;By the Way;73
Elvis Presley;A Little Less Conversation - JXL Radio Edit Remix;60
Atomic Kitten;The Tide Is High - Radio Mix;65
*NSYNC;Girlfriend;50
Robbie Williams;Somethin' Stupid;64
Alanis Morissette;Hands Clean;57
Usher;U Don't Have to Call;59
Creed;One Last Breath - Radio Version;47
The Goo Goo Dolls;Here Is Gone;56
Puddle Of Mudd;She Hates Me;70
Ludacris;Rollout (My Business);60
Blazin' Squad;Crossroads - Radio Edit;40
Default;Wasting My Time;40
Michelle Branch;All You Wanted;60
Daniel Bedingfield;If You're Not The One;58
Enrique Iglesias;Escape;56
Puddle Of Mudd;Blurry;64
Coldplay;In My Place;72
Outkast;The Whole World (feat. Killer Mike);51
P!nk;Don't Let Me Get Me - Radio Edit;60
50 Cent;In Da Club;81
Sean Paul;Get Busy;74
Eminem;"Lose Yourself - From ""8 Mile"" Soundtrack";77
Beyoncé;Crazy In Love (feat. Jay-Z);76
Counting Crows;Big Yellow Taxi;50
Black Eyed Peas;Where Is The Love?;68
Jennifer Lopez;Jenny from the Block (feat. Jadakiss & Styles P.) - Track Masters Remix;70
Black Eyed Peas;Shut Up;56
t.A.T.u.;All The Things She Said;39
Benny Benassi;Satisfaction (Isak Original Extended) - Benny Benassi Presents The Biz;66
Busta Rhymes;I Know What You Want (feat. Flipmode Squad);68
Panjabi MC;Mundian to Bach Ke;61
Mis-Teeq;Scandalous - U.S. Radio Edit;59
JAY-Z;03' Bonnie & Clyde;71
50 Cent;P.I.M.P.;76
Jamelia;Superstar;69
Linkin Park;Faint;72
DMX;X Gon' Give It To Ya;70
Evanescence;Bring Me To Life;79
Sugababes;Hole In The Head;57
Craig David;Rise & Fall (feat. Sting);59
Three Days Grace;I Hate Everything About You;72
Lil Jon & The East Side Boyz;Get Low;47
B2K;Bump, Bump, Bump (feat. P. Diddy);62
Baby Bash;Suga Suga;73
Aaliyah;Miss You - Main;36
Britney Spears;Me Against the Music (feat. Madonna) - LP Version / Video Mix;59
Blue;Sorry Seems To Be The Hardest Word;57
Delta Goodrem;Lost Without You;54
Justin Timberlake;Rock Your Body;76
The White Stripes;Seven Nation Army;3
Youngbloodz;Damn! (feat. Lil' Jon) - Club Mix;54
Beyoncé;Baby Boy (feat. Sean Paul);63
Lil' Kim;Magic Stick;47
Christina Aguilera;Can't Hold Us Down (feat. Lil' Kim);61
Nickelback;Someday;68
Blue;U Make Me Wanna - Radio Edit;48
Ashanti;Rain On Me;50
Trapt;Headstrong;72
Simply Red;Sunrise;58
Lumidee;Never Leave You (Uh Oooh, Uh Oooh);61
Girls Aloud;Sound Of The Underground;58
Nelly;Shake Ya Tailfeather (feat. P. Diddy & Murphy Lee) - 2016 Remaster;52
Room 5;Make Luv;57
Fatman Scoop;Be Faithful;49
Limp Bizkit;Behind Blue Eyes;70
Sugababes;Too Lost In You;58
50 Cent;"Wanksta - From ""8 Mile"" Soundtrack";57
Pharrell Williams;Frontin' (feat. Jay-Z) - Club Mix;67
Chingy;Right Thurr;69
Eminem;Sing For The Moment;71
Lil' Kim;The Jump Off (feat. Mr. Cheeks) - Remix;48
Mýa;My Love Is Like...Wo - Main Mix;48
50 Cent;21 Questions;72
Nelly;Air Force Ones;61
Missy Elliott;Gossip Folks (feat. Ludacris);57
Girls Aloud;Jump;60
Ultrabeat;Pretty Green Eyes - Radio Edit;59
Christina Aguilera;Fighter;67
Frankie J;Don't Wanna Try;49
Snoop Dogg;Beautiful;67
Floetry;Say Yes;57
Ginuwine;In Those Jeans;59
Electric Six;Danger! High Voltage - Soulchild Radio Mix;0
Rachel Stevens;Sweet Dreams My LA Ex - Radio Edit;38
Ludacris;Stand Up;57
Nas;I Can;58
3 Doors Down;When I'm Gone;67
Tyrese;How You Gonna Act Like That;60
Justin Timberlake;Cry Me a River;73
Westlife;Mandy;57
No Doubt;It's My Life;60
Amanda Perez;Angel;48
JAY-Z;Excuse Me Miss;56
Coldplay;Clocks;79
Kelly Rowland;Stole;54
Missy Elliott;Work It;70
Ashanti;Rock Wit U (Awww Baby);65
Junior Senior;Move Your Feet;67
Audioslave;Like a Stone;75
Sean Paul;Like Glue;61
Jaheim;Put That Woman First;55
Jennifer Lopez;All I Have (feat. LL Cool J);60
Monica;So Gone;64
Dido;White Flag;44
The Roots;The Seed (2.0);63
Chingy;Holidae In;61
Fabolous;Can't Let You Go (feat. Mike Shorey & Lil' Mo);61
Kelly Clarkson;Miss Independent;47
Ja Rule;Mesmerize;61
Matchbox Twenty;Unwell;63
Outkast;The Way You Move (feat. Sleepy Brown);66
Fabolous;Into You (feat. Tamia);67
Switchfoot;Meant to Live;61
Daniel Bedingfield;If You're Not The One;58
Good Charlotte;Lifestyles of the Rich & Famous;68
Wayne Wonder;No Letting Go;63
The Strokes;Reptilia;74
Avril Lavigne;I'm with You;70
Will Young;Leave Right Now;55
Usher;Yeah! (feat. Lil Jon & Ludacris);81
Maroon 5;This Love;77
Britney Spears;Toxic;81
Outkast;Hey Ya!;80
Hoobastank;The Reason;79
Anastacia;Left Outside Alone;65
Daddy Yankee;Gasolina;11
Black Eyed Peas;Let's Get It Started - Spike Mix;53
O-Zone;Dragostea Din Tei;56
Terror Squad;Lean Back;67
Anastacia;Sick and Tired;56
Gwen Stefani;What You Waiting For?;60
Ashanti;Only U - No Intro;56
The Rasmus;In the Shadows;68
Houston;I Like That;59
Beyoncé;Naughty Girl;63
Linkin Park;Numb;81
Lloyd Banks;On Fire;61
Akon;Locked Up;16
D12;My Band;73
Jay Sean;Eyes On You - Radio Mix;42
Mario Winans;I Don't Wanna Know (feat. Enya & P. Diddy) - 2016 Remaster;66
Destiny's Child;Lose My Breath;61
Eric Prydz;Call on Me - Radio Mix;72
Ciara;Goodies (feat. Petey Pablo);67
Kelis;Trick Me;63
LL Cool J;Headsprung;56
Spiderbait;Black Betty - Edit;63
George Michael;Amazing;57
Britney Spears;My Prerogative;53
Nina Sky;Move Ya Body;67
Baby Bash;Suga Suga;73
Petey Pablo;Freek-A-Leek;56
JAY-Z;Dirt Off Your Shoulder;53
Juanes;La Camisa Negra;70
Avril Lavigne;Nobody's Home;61
Robbie Williams;Radio;33
Black Eyed Peas;Hey Mama;49
Ying Yang Twins;Salt Shaker;61
Enrique Iglesias;Not In Love - Radio Mix;37
Kelis;Milkshake;68
Linkin Park;Breaking the Habit;68
JoJo;Leave (Get Out) - Radio Edit;49
Christina Milian;Dip It Low;45
Avant;Read Your Mind;56
Eminem;Just Lose It;67
Sugababes;Too Lost In You;58
Snoop Dogg;Drop It Like It's Hot;39
Sean Paul;I'm Still in Love with You (feat. Sasha);68
The Shapeshifters;Lola's Theme - Radio Edit;65
D12;How Come;57
Basement Jaxx;Good Luck;0
Kevin Lyttle;Turn Me On;67
Chingy;One Call Away;61
T.I.;Bring Em Out;63
DJ Casper;Cha Cha Slide - Hardino Mix;51
Kylie Minogue;I Believe in You;47
Twista;Overnight Celebrity;66
N.E.R.D;She Wants To Move;57
Britney Spears;Everytime;63
U2;Vertigo;64
Franz Ferdinand;Take Me Out;77
J-Kwon;Tipsy - Club Mix;59
G-Unit;Wanna Get To Know You;61
Lil' Flip;Sunshine (feat. Lea);42
Kanye West;Jesus Walks;73
Evanescence;My Immortal;72
Nelly;My Place;57
Lemar;If There's Any Justice;46
No Doubt;It's My Life;60
Avril Lavigne;Don't Tell Me;58
Twista;Slow Jamz;72
Green Day;American Idiot;77
Kelis;Millionaire;57
Scissor Sisters;Comfortably Numb;43
Alicia Keys;Diary (feat. Tony! Toni! Tone! & Jermaine Paul);55
Kanye West;Through The Wire;76
Special D.;Come With Me - Radio Edit;61
Ludacris;Splash Waterfalls;48
Avril Lavigne;My Happy Ending;68
Dido;White Flag;44
Eamon;Fuck It (I Don't Want You Back);64
Beyoncé;Me, Myself and I;62
3 Doors Down;Here Without You;74
Kanye West;All Falls Down;80
Twista;Sunshine (feat. Anthony Hamilton);56
Katie Melua;The Closest Thing to Crazy;55
Usher;My Boo;76
Lloyd;Southside;59
LMC;Take Me To The Clouds Above - LMC Vs. U2 / Radio Edit;59
The Streets;Fit but You Know It;58
JUVENILE;Slow Motion;64
Outkast;The Way You Move (feat. Sleepy Brown);66
Girls Aloud;Love Machine;59
Jessica Simpson;With You;57
Eminem;Like Toy Soldiers;48
Gary Jules;Mad World (Feat. Michael Andrews);65
Ashlee Simpson;Pieces Of Me;56
Will Young;Leave Right Now;55
Alicia Keys;You Don't Know My Name;61
Mariah Carey;We Belong Together;69
Mario;Let Me Love You;72
Kanye West;Gold Digger;78
Rihanna;Pon de Replay;77
50 Cent;Candy Shop;79
James Blunt;You're Beautiful;75
Green Day;Boulevard of Broken Dreams;72
The Pussycat Dolls;Don't Cha;72
Daniel Powter;Bad Day;74
Akon;Bananza (Belly Dancer);28
Madonna;Hung Up;74
50 Cent;Just A Lil Bit;76
Crazy Frog;Axel F;67
Eminem;Ass Like That;52
Sean Paul;We Be Burnin';59
Gwen Stefani;Rich Girl;68
The Chemical Brothers;Galvanize;63
Fort Minor;Remember the Name (feat. Styles of Beyond);73
50 Cent;Disco Inferno;72
The Game;How We Do;74
Chris Brown;Run It! (feat. Juelz Santana);71
Mariah Carey;It's Like That;0
Black Eyed Peas;My Humps;67
Ciara;Oh (feat. Ludacris);61
50 Cent;Outta Control - Remix;60
Baby Bash;Baby, I'm Back;4
Jennifer Lopez;Get Right;65
JAY-Z;Numb / Encore;76
The Game;Hate It Or Love It;77
Gorillaz;Feel Good Inc.;82
Black Eyed Peas;Don't Phunk With My Heart;62
Akon;Lonely;21
Bodyrockers;I Like The Way - Radio Edit;54
Sugababes;Push The Button;64
Jeezy;Soul Survivor;55
Eminem;Mockingbird;77
Shakira;La Tortura (feat. Alejandro Sanz);72
Gorillaz;DARE;73
Snoop Dogg;Signs;54
Robbie Williams;Tripping;58
David Banner;Play;52
Trillville;Some Cut;50
D4L;Laffy Taffy;63
Missy Elliott;Lose Control (feat. Ciara & Fat Man Scoop);67
Rob Thomas;Lonely No More;56
Brian McFadden;Almost Here;42
Bobby V.;"Slow Down - 12"" Version";65
Backstreet Boys;Incomplete;63
Pretty Ricky;Grind With Me;63
Kanye West;Diamonds From Sierra Leone - Remix;61
Snoop Dogg;Drop It Like It's Hot;39
Fat Joe;Get It Poppin' (feat. Nelly) - Radio Version;41
Destiny's Child;Soldier (feat. T.I. & Lil' Wayne);63
Ciara;1, 2 Step (feat. Missy Elliott) - Main;52
Amerie;1 Thing;52
Ludacris;Get Back;59
Franz Ferdinand;Do You Want To;61
Natalie Imbruglia;Shiver;52
Gwen Stefani;Hollaback Girl;69
Pretty Ricky;Your Body;59
Thirty Seconds To Mars;The Kill;74
Alicia Keys;Karma;50
2Pac;Ghetto Gospel;68
Craig David;Don't Love You No More (I'm Sorry);56
Katie Melua;Nine Million Bicycles;60
Lil Jon & The East Side Boyz;Lovers And Friends;66
Mariah Carey;Don't Forget About Us - Radio Edit;0
Ying Yang Twins;Wait (The Whisper Song);57
Will Smith;Switch;34
Bow Wow;Like You (feat. Ciara);66
Kaiser Chiefs;Everyday I Love You Less And Less;58
Kelly Clarkson;Behind These Hazel Eyes;59
Black Eyed Peas;Don't Lie;61
Westlife;You Raise Me Up;1
Ray J;One Wish;62
Papa Roach;Scars;60
Arctic Monkeys;I Bet You Look Good On The Dancefloor;71
Shayne Ward;That's My Goal;1
Bow Wow;Let Me Hold You (feat. Omarion);62
Kaiser Chiefs;I Predict A Riot;63
Usher;Caught Up;61
Kelly Clarkson;Because of You;71
3 Doors Down;Let Me Go;52
Nickelback;Photograph;67
T-Pain;I'm Sprung;0
Destiny's Child;Cater 2 U;58
The Pussycat Dolls;Stickwitu;67
Ryan Cabrera;TRUE;62
Stereophonics;Dakota;69
Eminem;Like Toy Soldiers;67
Nelly;Over And Over;61
Coldplay;Speed of Sound;69
KT Tunstall;Suddenly I See;71
Destiny's Child;Girl;55
Kelly Clarkson;Since U Been Gone;71
U2;Sometimes You Can't Make It On Your Own;56
The All-American Rejects;Dirty Little Secret;65
Toby Keith;As Good As I Once Was;67
Gwen Stefani;Cool;59
Foo Fighters;Best of You;76
Shakira;Hips Don't Lie (feat. Wyclef Jean);82
Sean Paul;Temperature;78
Justin Timberlake;SexyBack (feat. Timbaland);78
Beyoncé;Irreplaceable;70
Amy Winehouse;Rehab;71
Rihanna;SOS;73
Gnarls Barkley;Crazy;74
Busta Rhymes;Touch It;61
Nelly Furtado;Maneater;79
Bob Sinclar;Rock This Party - Everybody Dance Now;69
Diddy;Come to Me (feat. Nicole Scherzinger);55
Madonna;Sorry;61
Chamillionaire;Ridin';71
Black Eyed Peas;Pump It;75
Nelly Furtado;Promiscuous;82
Fedde Le Grand;Put Your Hands Up for Detroit - Radio Edit;39
Sean Paul;(When You Gonna) Give It Up to Me (feat. Keyshia Cole) - Radio Version;58
The Pussycat Dolls;Buttons;68
Ciara;Get Up (feat. Chamillionaire);59
Eminem;Shake That;74
Cherish;Do It To It;65
Muse;Supermassive Black Hole;75
Chris Brown;Gimme That;63
Infernal;From Paris to Berlin;57
Cassie;Me & U;73
E-40;U and Dat (feat. T. Pain & Kandi Girl);63
The Pussycat Dolls;Beep;57
Lil Jon;Snap Yo Fingers;67
Armand Van Helden;My My My - Radio Edit;40
The Notorious B.I.G.;Nasty Girl (feat. Diddy, Nelly, Jagged Edge & Avery Storm) - 2005 Remaster;68
Yung Joc;It's Goin' Down (feat. Nitti);66
Shayne Ward;No Promises;1
Justin Timberlake;My Love (feat. T.I.);72
Nickelback;Savin' Me;65
Nelly;Grillz;60
Take That;Patience;64
Fergie;London Bridge;57
Cascada;Everytime We Touch - Radio Edit;0
D4L;Laffy Taffy;63
LL Cool J;Control Myself;42
Beyoncé;Deja Vu (feat. Jay-Z);57
P!nk;Stupid Girls;0
Eminem;When I'm Gone;68
Kelis;Bossy;50
Bob Sinclar;Love Generation - Radio Edit;49
Meck;Thunder in My Heart Again (Radio Edit);46
Mary J. Blige;Be Without You - Kendu Mix;69
Girls Aloud;Something Kinda Ooooh;49
Rihanna;Unfaithful;70
Kanye West;Touch The Sky;73
Dem Franchize Boyz;Lean Wit It, Rock Wit It;60
Evanescence;Call Me When You're Sober;65
Chingy;Pullin' Me Back;62
Nickelback;Far Away;70
Fall Out Boy;Dance, Dance;74
Leona Lewis;A Moment Like This;57
T.I.;What You Know;64
Ludacris;Money Maker;62
Nick Lachey;What's Left Of Me;37
Jibbs;Chain Hang Low;56
Arctic Monkeys;When The Sun Goes Down;72
Rascal Flatts;Life is a Highway;0
Beyoncé;Check On It (feat. Slim Thug);45
Keyshia Cole;Love;72
Lily Allen;Smile;68
Ne-Yo;Sexy Love;67
JoJo;Too Little Too Late;48
Mary J. Blige;One;64
Bubba Sparxxx;Ms. New Booty;62
Amy Winehouse;You Know I'm No Good;63
Rascal Flatts;What Hurts The Most;69
Red Hot Chili Peppers;Dani California;76
Scissor Sisters;I Don't Feel Like Dancin';63
Ne-Yo;So Sick;75
Hinder;Lips Of An Angel;35
The Raconteurs;Steady, As She Goes;56
The Fratellis;Chelsea Dagger;68
Fort Minor;Where'd You Go (feat. Holly Brook & Jonah Matranga);42
The Pussycat Dolls;Stickwitu;67
Panic! At The Disco;I Write Sins Not Tragedies;70
James Blunt;Goodbye My Lover;67
Christina Aguilera;Ain't No Other Man;63
Westlife;The Rose;0
Keane;Is It Any Wonder?;59
Orson;No Tomorrow;46
T-Pain;I'm N Luv (Wit a Stripper) (feat. Mike Jones);0
KT Tunstall;Black Horse And The Cherry Tree;64
Natasha Bedingfield;Unwritten;2
Razorlight;America;67
James Morrison;You Give Me Something;64
Snow Patrol;You're All I Have;35
The Fray;How to Save a Life;79
Sandi Thom;I Wish I Was a Punk Rocker (with Flowers in My Hair);61
My Chemical Romance;Welcome to the Black Parade;76
Razorlight;In The Morning;59
The All-American Rejects;Dirty Little Secret;65
James Morrison;Wonderful World;49
Chris Brown;Yo (Excuse Me Miss);69
P!nk;Who Knew;0
The Kooks;Naive;73
Leona Lewis;Bleeding Love;75
Rihanna;Umbrella;81
Britney Spears;Gimme More;79
Fergie;Big Girls Don't Cry (Personal);76
Mark Ronson;Valerie (feat. Amy Winehouse) - Version Revisited;0
Plain White T's;Hey There Delilah;78
Justin Timberlake;What Goes Around.../...Comes Around (Interlude);70
Gwen Stefani;The Sweet Escape;71
Timbaland;The Way I Are;80
Nelly Furtado;Say It Right;81
Ida Corr;Let Me Think About It;43
Alex Gaudino;Destination Calabria - Radio Edit;73
September;Cry for You;65
Akon;Smack That;58
Timbaland;Give It To Me;70
50 Cent;Ayo Technology;67
Eric Prydz;Proper Education - Radio Edit;0
Fedde Le Grand;Put Your Hands Up For Detroit - Radio Edit;0
Ciara;Like a Boy;68
Kanye West;Stronger;54
Beyoncé;Beautiful Liar;64
Gym Class Heroes;Cupid's Chokehold / Breakfast in America - Radio Mix;59
Akon;I Wanna Love You;53
Soulja Boy;Crank That (Soulja Boy);74
Fat Joe;Make It Rain;59
P!nk;U + Ur Hand;0
Rihanna;Shut Up And Drive;69
Lloyd;Get It Shawty;62
Kanye West;Can't Tell Me Nothing;47
Camille Jones;The Creeps - Fedde Le Grand Radio Mix;17
Linkin Park;What I've Done;77
Keyshia Cole;Last Night;60
Chris Brown;Kiss Kiss (feat. T-Pain);68
Shop Boyz;Party Like A Rock Star;61
Finger Eleven;Paralyzer;73
Justin Timberlake;Summer Love;66
MiMS;This Is Why I'm Hot;59
Fabolous;Make Me Better;62
Seether;Fake It;73
Take That;Patience;64
Arctic Monkeys;Brianstorm;67
Justin Timberlake;My Love (feat. T.I.);72
Fergie;Glamorous;64
Linkin Park;Bleed It Out;73
My Chemical Romance;Teenagers;80
Calvin Harris;Acceptable in the 80's;57
Sugababes;About You Now;66
Avril Lavigne;Girlfriend;75
Ne-Yo;Because Of You;74
Daughtry;It's Not Over;45
Unk;Walk It Out;48
Lloyd;You;70
Klaxons;Golden Skans;65
T-Pain;Bartender (feat. Akon);3
Baby Boy Da Prince;The Way I Live - Main Explicit;59
Fergie;Fergalicious;63
Omarion;Ice Box;57
Pretty Ricky;On the Hotline - Amended Version;57
Nickelback;Rockstar;69
Fall Out Boy;Thnks fr th Mmrs;76
Justin Timberlake;LoveStoned / I Think She Knows (Interlude);57
All Time Low;Dear Maria, Count Me In;76
Amy Winehouse;Back To Black;76
Keyshia Cole;Let It Go;58
Ciara;Promise;56
Enrique Iglesias;Do You Know? (The Ping Pong Song);45
T2;Heartbroken - Edit;59
Robyn;With Every Heartbeat;36
Maroon 5;Makes Me Wonder;62
Fall Out Boy;This Ain't A Scene, It's An Arms Race;68
Paramore;Misery Business;72
Hinder;Better Than Me;30
Huey;Pop, Lock & Drop It - Video Edit;52
Foo Fighters;The Pretender;78
Plies;Shawty (feat. T Pain);61
Kaiser Chiefs;Ruby;67
Mark Ronson;Stop Me (feat. Daniel Merriweather);46
Bow Wow;Outta My System (feat. T-Pain & Johntá Austin);57
Jim Jones;We Fly High;0
The Red Jumpsuit Apparatus;Face Down;74
MIKA;Grace Kelly;69
Christina Aguilera;Candyman;66
Sean Kingston;Beautiful Girls;78
Akon;Don't Matter;52
James Blunt;1973;68
Carrie Underwood;Before He Cheats;76
Just Jack;Starz In Their Eyes;52
T-Pain;Buy U a Drank (Shawty Snappin') (feat. Yung Joc);2
Bone Thugs-N-Harmony;I Tried;61
Avril Lavigne;When You're Gone;68
Rich Boy;Throw Some D's;57
MIKA;Love Today;57
Manic Street Preachers;Your Love Alone Is Not Enough (feat. Nina Persson);53
Elliott Yamin;Wait for You;58
Wyclef Jean;Sweetest Girl (Dollar Bill) (feat. Akon, Lil' Wayne & Niia);56
Boys Like Girls;The Great Escape;62
Take That;Rule The World - Radio Edit;58
J. Holiday;Bed;64
Red Hot Chili Peppers;Snow (Hey Oh);79
Ludacris;Runaway Love;51
Flo Rida;Low (feat. T-Pain);80
Katy Perry;I Kissed A Girl;73
Rihanna;Take A Bow;74
Alicia Keys;No One;77
Timbaland;Apologize;74
Ne-Yo;Miss Independent;71
Chris Brown;With You;70
Beyoncé;If I Were a Boy;66
Kardinal Offishall;Dangerous;75
Madcon;Beggin (original version);70
September;Cry for You;65
Rihanna;Disturbia;76
Guru Josh Project;Infinity 2008;1
Britney Spears;Break the Ice;61
Lil Wayne;Lollipop;69
Basshunter;Now You're Gone - Video Edit;63
Kanye West;Flashing Lights;52
Madonna;4 Minutes (feat. Justin Timberlake & Timbaland);71
Katy Perry;Hot N Cold;73
Rihanna;Don't Stop The Music;77
Snoop Dogg;Sensual Seduction;56
Akon;Right Now (Na Na Na);69
Britney Spears;Womanizer;76
Eric Prydz;Pjanoo - Radio Edit;65
Kelly Rowland;Work;34
Jeezy;Put On;69
Madonna;Give It 2 Me;57
The Pussycat Dolls;When I Grow Up;72
will.i.am;Heartbreaker;46
Soulja Boy;Crank That (Soulja Boy);74
Britney Spears;Piece of Me;64
T.I.;Live Your Life;75
Ne-Yo;Closer;65
Lil Wayne;A Milli;69
Colby O'Donis;What You Got;61
Miley Cyrus;See You Again;0
Basshunter;All I Ever Wanted - Radio Edit;65
Chris Brown;Kiss Kiss (feat. T-Pain);68
Finger Eleven;Paralyzer;73
Alesha Dixon;The Boy Does Nothing;51
Dizzee Rascal;Dance Wiv Me - Radio Edit;68
Gabriella Cilmi;Sweet About Me;56
Jack White;Another Way to Die;56
Plies;Hypnotized (feat. Akon);66
The Pussycat Dolls;I Hate This Part;64
Sean Kingston;Take You There;65
Natasha Bedingfield;Pocketful of Sunshine;62
The Offspring;You're Gonna Go Far, Kid;78
Kanye West;Homecoming;47
Estelle;American Boy;78
Saving Abel;Addicted;69
Pendulum;Propane Nightmares;57
The Game;My Life;60
Danity Kane;Damaged;57
P!nk;So What;76
Kanye West;Love Lockdown;66
Gym Class Heroes;Cookie Jar (feat. The-Dream);54
M.I.A.;Paper Planes;1
3 Doors Down;It's Not My Time;56
Kylie Minogue;Wow;47
Mariah Carey;Touch My Body;0
MGMT;Kids;77
The Ting Tings;Shut Up and Let Me Go;55
Lil Wayne;Got Money;58
Santana;Into the Night (feat. Chad Kroeger);57
The-Dream;I Luv Your Girl;62
Wiley;Wearing My Rolex - Radio Edit;59
Usher;Love in This Club (feat. Young Jeezy);71
Sam Sparro;Black & Gold - Radio Edit;53
"H ""two"" O";What's It Gonna Be (feat. Platnum);55
The Ting Tings;That's Not My Name;51
Plies;Bust It Baby, Pt. 2 (feat. Ne-Yo);61
James Morrison;Broken Strings;70
Leona Lewis;Run;62
Metro Station;Shake It;67
T.I.;Whatever You Like;74
Trey Songz;Can't Help but Wait;62
OneRepublic;Stop And Stare;59
Alexandra Burke;Hallelujah;63
Mary J. Blige;Just Fine;64
Jordin Sparks;One Step At a Time;56
Coldplay;Viva La Vida;80
Kings of Leon;Sex on Fire;80
Kanye West;Good Life;45
Duffy;Mercy;69
David Archuleta;Crush;67
J. Holiday;Suffocate - Superclean;58
Gavin DeGraw;In Love With a Girl;51
Jordin Sparks;Tattoo;54
Coldplay;Violet Hill;63
Ray J;Sexy Can I feat. Yung Berg;1
Jennifer Hudson;Spotlight;60
John Legend;Green Light (feat. André 3000);55
Jonas Brothers;Burnin' Up;68
Lupe Fiasco;Superstar (feat. Matthew Santos);64
Chris Brown;Forever;74
Adele;Chasing Pavements;1
Leona Lewis;Better in Time;67
Fergie;Clumsy;58
T-Pain;Can't Believe It (feat. Lil' Wayne);0
Black Eyed Peas;I Gotta Feeling;80
Lady Gaga;Poker Face;77
Beyoncé;Halo;74
David Guetta;Sexy Bitch (feat. Akon);75
Flo Rida;Right Round;74
Taylor Swift;Love Story;74
Pitbull;Hotel Room Service;63
Britney Spears;Circus;74
Lady Gaga;LoveGame;69
Skillet;Monster;75
The Prodigy;Omen;57
Black Eyed Peas;Meet Me Halfway;72
Kanye West;Heartless;82
Kid Cudi;Day 'N' Nite (Nightmare);72
Lady Gaga;Just Dance;76
Britney Spears;If U Seek Amy;69
Pitbull;I Know You Want Me (Calle Ocho);59
Mariah Carey;Obsessed;66
Beyoncé;Sweet Dreams;48
Agnes;Release Me;65
Black Eyed Peas;Boom Boom Pow;68
Shakira;She Wolf;68
Lady Gaga;Paparazzi;70
JAY-Z;Empire State Of Mind;82
OneRepublic;All The Right Moves;65
Jeremih;Birthday Sex;67
Cascada;Evacuate The Dancefloor;63
Linkin Park;New Divide;68
Kevin Rudolf;Let It Rock;66
JAY-Z;Run This Town;75
Lady Gaga;Bad Romance;80
T.I.;Live Your Life;75
Eminem;We Made You;63
Dizzee Rascal;Bonkers;38
Ciara;Love Sex Magic (feat. Justin Timberlake);58
Rihanna;Russian Roulette;64
Soulja Boy;Turn My Swag On;59
The xx;Intro;2
Jay Sean;Down;3
Keri Hilson;Turnin Me On - Original Dirty;41
David Guetta;When Love Takes Over (feat. Kelly Rowland);69
Cheryl;Fight For This Love;65
Soulja Boy;Kiss Me Thru The Phone;76
Eminem;Crack A Bottle;70
P!nk;Sober;46
Tinchy Stryder;Number 1;59
Pixie Lott;Mama Do (Uh Oh, Uh Oh);54
JLS;Beat Again - Radio Edit;0
3OH!3;DONTTRUSTME;70
A.R. Rahman;Jai Ho! (You Are My Destiny);65
The Pussycat Dolls;I Hate This Part;64
Akon;Beautiful;65
Alexandra Burke;Bad Boys (feat. Flo Rida);57
Mario;Break Up;51
Drake;Forever;73
Selena Gomez & The Scene;Naturally;63
Kanye West;Love Lockdown;66
The Veronicas;Untouched;58
Fabolous;Throw It In The Bag;59
Jason Derulo;Whatcha Say;70
Lily Allen;Not Fair;54
T.I.;Dead And Gone;68
Sean Kingston;Fire Burning;71
Empire of the Sun;Walking On A Dream;77
Cobra Starship;Good Girls Go Bad (feat. Leighton Meester);65
Nickelback;If Today Was Your Last Day;66
La Roux;Bulletproof;71
Kasabian;Fire;64
Calvin Harris;I'm Not Alone - Radio Edit;55
Justin Bieber;One Time;71
Jamie Foxx;Blame It;65
La Roux;In For The Kill;59
Muse;Uprising;75
Nickelback;Gotta Be Somebody;62
James Morrison;Broken Strings;70
T.I.;Whatever You Like;74
Dizzee Rascal;Holiday;60
Beyoncé;Single Ladies (Put a Ring on It);67
Boys Like Girls;Love Drunk;64
The-Dream;Rockin' That Shit;62
OneRepublic;Secrets;74
JLS;Everybody in Love;39
Jason Aldean;Big Green Tractor;50
The Fray;Never Say Never;67
Lily Allen;The Fear;53
Kings of Leon;Sex on Fire;80
Drake;Best I Ever Had;54
Kelly Clarkson;Already Gone;56
Miley Cyrus;Party In The U.S.A.;79
Jordin Sparks;Battlefield;57
Ne-Yo;Mad;64
Green Day;21 Guns;73
Keri Hilson;Knock You Down;57
Taylor Swift;You Belong With Me;55
Shinedown;Second Chance;67
Asher Roth;I Love College;62
Katy Perry;Waking Up In Vegas;49
Kelly Clarkson;My Life Would Suck Without You;68
Mumford & Sons;Little Lion Man;68
The Fray;You Found Me;73
Bruno Mars;Just the Way You Are;77
Eminem;Love The Way You Lie;81
Lady Gaga;Bad Romance;80
Stromae;Alors on danse - Radio Edit;77
Kesha;TiK ToK;80
David Guetta;Memories (feat. Kid Cudi);76
Taio Cruz;Dynamite;80
Rihanna;Only Girl (In The World);73
Katy Perry;California Gurls;72
Kesha;Take It Off;68
INNA;Hot - Play & Win Radio Version;42
Far East Movement;Like A G6;73
David Guetta;Gettin' Over You (feat. Fergie & LMFAO);62
Duck Sauce;Barbra Streisand - Radio Edit;46
Lucenzo;Danza Kuduro (feat. Don Omar);0
Rihanna;Te Amo;67
Timbaland;Carry Out (Featuring Justin Timberlake);69
DJ Fresh;Gold Dust - Radio Edit;63
Edward Maya;Stereo Love - Radio Edit;66
Taio Cruz;Break Your Heart;74
Black Eyed Peas;Imma Be;61
Sidney Samson;Riverside;47
Eminem;Not Afraid;79
Lady Gaga;Alejandro;67
Rihanna;Rude Boy;74
Ne-Yo;Beautiful Monster;57
3OH!3;Starstrukk;32
Black Eyed Peas;The Time (Dirty Bit);69
Kelly Rowland;Commander;59
Swedish House Mafia;One (Your Name) - Radio Edit;63
Chris Brown;Deuces (feat. Tyga & Kevin McCall);68
Usher;DJ Got Us Fallin' In Love (feat. Pitbull);79
Iyaz;Replay;75
Flo Rida;Club Can't Handle Me (feat. David Guetta);76
Sean Kingston;Eenie Meenie;74
Waka Flocka Flame;No Hands (feat. Roscoe Dash & Wale);58
Tinie Tempah;Written in the Stars (feat. Eric Turner);57
Bruno Mars;Talking to the Moon;76
Miley Cyrus;Can't Be Tamed;0
Mike Posner;Cooler Than Me - Single Mix;75
Lady Gaga;Telephone;69
Yolanda Be Cool;We No Speak Americano (JT Radio Edit);1
Rihanna;Hard;55
Tinie Tempah;Pass Out;53
Adam Lambert;Whataya Want from Me;57
Trey Songz;Bottoms Up (feat. Nicki Minaj);0
Timbaland;If We Ever Meet Again (Featuring Katy Perry);68
Enrique Iglesias;I Like It;63
Tim Berg;Seek Bromance - Avicii’s Vocal Edit;0
Usher;OMG (feat. will.i.am);73
Maroon 5;Misery;67
Jay Sean;Down;3
Rihanna;Man Down;68
3OH!3;My First Kiss (feat. Ke$ha);62
Justin Bieber;Baby;81
Cali Swag District;Teach Me How to Dougie;66
Swedish House Mafia;Miami 2 Ibiza - Swedish House Mafia vs. Tinie Tempah;54
K'NAAN;Wavin' Flag;57
Ludacris;How Low;63
Kesha;Blah Blah Blah (feat. 3OH!3);61
DJ Khaled;All I Do Is Win (feat. T-Pain, Ludacris, Snoop Dogg & Rick Ross);51
Jason Derulo;In My Head;65
Aloe Blacc;I Need A Dollar;1
B.o.B;Airplanes (feat. Hayley Williams of Paramore);74
Ludacris;My Chick Bad;68
Nelly;Just A Dream;73
Rihanna;What's My Name?;66
Shontelle;Impossible;35
Take That;The Flood;57
Trey Songz;Say Aah (feat. Fabolous);54
Jason Derulo;Whatcha Say;70
Drake;Over;57
Example;Kickstarts;63
Plan B;She Said;62
The Saturdays;Higher;61
Jay Sean;Do You Remember;2
Usher;Hey Daddy (Daddy's Home);60
Lil Wayne;Right Above It;68
The Wanted;All Time Low;18
Kesha;Your Love Is My Drug;69
Ellie Goulding;Starry Eyed;54
Drake;Find Your Love;56
Jason Derulo;Ridin' Solo;66
Two Door Cinema Club;What You Know;0
JAY-Z;Young Forever;65
Young Money;BedRock;71
B.o.B;Nothin' on You (feat. Bruno Mars);74
Katy Perry;Teenage Dream;69
Scouting For Girls;This Ain't a Love Song;52
Travie McCoy;Billionaire (feat. Bruno Mars);72
Owl City;Fireflies;78
Alicia Keys;Empire State of Mind (Part II) Broken Down;71
Lady A;Need You Now;73
Taylor Swift;Back To December;65
Neon Trees;Animal;64
Kris Allen;Live Like We're Dying;51
Matt Cardle;When We Collide;46
Robyn;Dancing On My Own;0
The Band Perry;If I Die Young;64
B.o.B;Magic (feat. Rivers Cuomo);65
Adele;Rolling in the Deep;2
Maroon 5;"Moves Like Jagger - Studio Recording From ""The Voice"" Performance";77
LMFAO;Party Rock Anthem;73
Katy Perry;Firework;72
Bruno Mars;Grenade;78
Pitbull;Hey Baby (Drop It to the Floor) (feat. T-Pain);71
Alexandra Stan;Mr. Saxobeat;0
David Guetta;Who's That Chick? (feat. Rihanna);71
Jennifer Lopez;On The Floor;79
Rihanna;S&M;73
Kesha;Blow;69
Snoop Dogg;Sweat - Remix;68
Taio Cruz;Higher;61
Usher;More - RedOne Jimmy Joker Remix;67
Example;Changed the Way You Kiss Me - Radio Edit;42
Black Eyed Peas;Just Can’t Get Enough;76
David Guetta;Where Them Girls At (feat. Nicki Minaj & Flo Rida);72
Lykke Li;I Follow Rivers - The Magician Remix;51
Pitbull;Give Me Everything (feat. Ne-Yo, Afrojack & Nayer);81
Selena Gomez & The Scene;Love You Like A Love Song;79
Wiz Khalifa;Black and Yellow;75
Katy Perry;E.T.;65
Britney Spears;I Wanna Go;66
Gym Class Heroes;Stereo Hearts (feat. Adam Levine);81
Edward Maya;Stereo Love - Radio Edit;66
Enrique Iglesias;Tonight (I'm Fuckin' You);63
Jeremih;Down On Me;72
Sak Noel;Loca People - Radio Edit;49
Olly Murs;Heart Skips a Beat (feat. Rizzle Kicks);61
LMFAO;Sexy And I Know It;67
Cobra Starship;You Make Me Feel... (feat. Sabi);70
Jessie J;Do It Like A Dude;57
DJ Fresh;Louder (feat. Sian Evans) - Radio Edit;55
Waka Flocka Flame;No Hands (feat. Roscoe Dash & Wale);76
Nickelback;When We Stand Together;65
M83;Midnight City;76
Britney Spears;Till the World Ends;65
Labrinth;Earthquake (feat. Tinie Tempah);62
Jason Derulo;Don't Wanna Go Home;63
Coldplay;Paradise;82
Katy Perry;Last Friday Night (T.G.I.F.);74
Adele;Set Fire to the Rain;2
Dr. Dre;I Need A Doctor;71
Lil Wayne;6 Foot 7 Foot;1
DJ Khaled;I'm On One;70
Chris Brown;Look At Me Now (feat. Lil' Wayne & Busta Rhymes);71
Far East Movement;Rocketeer;61
The Wanted;Glad You Came;77
Kesha;We R Who We R;71
Kelly Rowland;Motivation;65
Rihanna;We Found Love;75
Nicole Scherzinger;Don't Hold Your Breath;62
Mann;Buzzin Remix;48
Chris Brown;Yeah 3x;69
Swedish House Mafia;Save The World;65
Kanye West;All Of The Lights;76
Miguel;Sure Thing;78
Diddy - Dirty Money;Coming Home;69
Rihanna;What's My Name?;66
Chris Brown;Beautiful People;53
Avril Lavigne;What the Hell;74
Professor Green;Read All About It;39
Chase & Status;Blind Faith;60
Chip;Champion (feat. Chris Brown);48
Selena Gomez & The Scene;Who Says;76
Rizzle Kicks;Down With The Trumpets;59
Lady Gaga;Born This Way;72
Nicki Minaj;Super Bass;0
Mac Miller;Donald Trump;61
Calvin Harris;Bounce (feat. Kelis) - Radio Edit;62
David Guetta;Without You (feat. Usher);70
Foster The People;Pumped Up Kicks;82
Drake;Headlines;74
Jessie J;Price Tag;73
Jason Aldean;Dirt Road Anthem;53
Wiz Khalifa;Roll Up;63
OneRepublic;Good Life;72
Bad Meets Evil;Lighters;68
Bruno Mars;The Lazy Song;75
Lupe Fiasco;The Show Goes On;70
James Morrison;I Won't Let You Go;64
Jason Derulo;It Girl;70
Adele;Someone Like You;4
Red Hot Chili Peppers;The Adventures of Rain Dance Maggie;65
Keri Hilson;Pretty Girl Rock;67
P!nk;F**kin' Perfect;60
Blake Shelton;Honey Bee;50
Lady Gaga;The Edge Of Glory;67
Lady A;Just A Kiss;63
Hot Chelle Rae;Tonight Tonight;73
Grouplove;Tongue Tied;79
Coldplay;Every Teardrop Is a Waterfall;69
Beyoncé;Best Thing I Never Had;69
P!nk;Raise Your Glass;76
Christina Perri;Jar of Hearts;72
Bruno Mars;Marry You;75
The Band Perry;If I Die Young;64
Lil Wayne;How To Love;0
Charlene Soraia;Wherever You Will Go;60
Christina Perri;A Thousand Years;70
Rihanna;We Found Love;75
Carly Rae Jepsen;Call Me Maybe;78
fun.;We Are Young (feat. Janelle Monáe);76
Sean Paul;She Doesn't Mind;70
Pitbull;International Love (feat. Chris Brown);74
DEV;In The Dark;52
Adele;Skyfall;74
David Guetta;Turn Me On (feat. Nicki Minaj);65
Rihanna;Where Have You Been;71
JAY-Z;Ni**as In Paris;82
Maroon 5;One More Night;74
Skrillex;Bangarang (feat. Sirah);70
The Wanted;Chasing The Sun;69
Flo Rida;Whistle;77
will.i.am;This Is Love;62
David Guetta;She Wolf (Falling to Pieces) [feat. Sia];66
Nicki Minaj;Pound The Alarm;64
Kendrick Lamar;Swimming Pools (Drank) - Extended Version;63
MARINA;Primadonna;78
Kanye West;Mercy;73
DJ Fresh;Hot Right Now (feat. RITA ORA) - Radio Edit;58
LMFAO;Sexy And I Know It;67
PSY;Gangnam Style (강남스타일);72
Kesha;Die Young;78
Usher;Scream;66
Olly Murs;Troublemaker (feat. Flo Rida);0
Linkin Park;BURN IT DOWN;73
Bruno Mars;Locked out of Heaven;85
Avicii;Levels - Radio Edit;77
Flo Rida;Good Feeling;76
Rihanna;Diamonds;75
Wiz Khalifa;Work Hard, Play Hard;62
Katy Perry;Part Of Me;73
Nicki Minaj;Starships;75
Kendrick Lamar;m.A.A.d city;67
Asaf Avidan & the Mojos;One Day / Reckoning Song (Wankelmut Remix) [Radio Edit];0
Florence + The Machine;Spectrum (Say My Name) - Calvin Harris Remix;68
Azealia Banks;212;0
Maroon 5;Payphone;82
James Arthur;Impossible;75
Michel Teló;Ai Se Eu Te Pego - Live;0
Otto Knows;Million Voices - Radio Edit;0
Icona Pop;I Love It;51
Tyga;Rack City;61
Calvin Harris;Feel So Close - Radio Edit;79
Jennifer Lopez;Dance Again;0
Grimes;Oblivion;0
Adele;Rumour Has It;0
Coldplay;Paradise;82
Chris Brown;Turn Up the Music;64
Frank Ocean;Lost;64
Calvin Harris;Let's Go (feat. Ne-Yo);66
The Script;Hall of Fame (feat. will.i.am);78
Swedish House Mafia;Don't You Worry Child - Radio Edit;76
MARINA;How to Be a Heartbreaker;50
Justin Bieber;Boyfriend;63
David Guetta;Titanium (feat. Sia);79
Jessie J;Domino;74
Taylor Swift;I Knew You Were Trouble.;59
ScHoolboy Q;Hands on the Wheel (feat. Asap Rocky);61
P!nk;Try;76
Robbie Williams;Candy;68
Snoop Dogg;Young, Wild & Free (feat. Bruno Mars);77
Justin Bieber;As Long As You Love Me;67
Rita Ora;R.I.P. (feat. Tinie Tempah);46
Alex Clare;Too Close;60
Tyga;Faded;58
Alesso;Years - ラジオ・エディット;0
Guy Sebastian;Battle Scars (feat. Lupe Fiasco);0
Katy Perry;The One That Got Away;72
Avicii;Silhouettes - Original Radio Edit;53
Gotye;Somebody That I Used To Know;57
Flo Rida;Wild Ones (feat. Sia);77
One Direction;What Makes You Beautiful;82
Lana Del Rey;Born To Die;53
Kesha;C'Mon;0
Owl City;Good Time;77
Calvin Harris;We'll Be Coming Back (feat. Example);62
Emeli Sandé;Read All About It, Pt. III;65
Ellie Goulding;Lights - Single Version;63
Train;Drive By;77
Disclosure;Latch;74
Coldplay;Princess of China;66
One Direction;Live While We're Young;0
Gym Class Heroes;Ass Back Home (feat. Neon Hitch);61
Carrie Underwood;Blown Away;63
alt-J;Breezeblocks;71
Chris Brown;Don't Wake Me Up;62
Kelly Clarkson;Stronger (What Doesn't Kill You);74
Drake;The Motto;74
Katy Perry;Wide Awake;65
Rita Ora;How We Do (Party);48
Rudimental;Feel the Love (feat. John Newman);64
Lana Del Rey;Ride;66
Ne-Yo;Let Me Love You (Until You Learn To Love Yourself);69
Demi Lovato;Give Your Heart a Break;71
Drake;Take Care;75
Little Mix;Wings;0
Bruno Mars;It Will Rain;74
Cher Lloyd;Want U Back;67
Lorde;Royals;77
Robin Thicke;Blurred Lines;55
Imagine Dragons;Radioactive;77
Avicii;Wake Me Up;6
Bruno Mars;Locked out of Heaven;85
Macklemore & Ryan Lewis;Thrift Shop (feat. Wanz);1
Daft Punk;Get Lucky (feat. Pharrell Williams & Nile Rodgers) - Radio Edit;83
will.i.am;Scream & Shout;78
Stromae;Papaoutai;0
Bingo Players;Get Up (Rattle) - Vocal Edit;1
Naughty Boy;La La La;58
Tom Odell;Another Love;88
2 Chainz;We Own It (Fast & Furious);69
David Guetta;Play Hard (feat. Ne-Yo & Akon);69
Pitbull;Feel This Moment (feat. Christina Aguilera);77
will.i.am;#thatPOWER;68
Lil Wayne;Love Me;68
Macklemore & Ryan Lewis;Can't Hold Us (feat. Ray Dalton);81
Martin Garrix;Animals - Radio Edit;0
Jason Derulo;Talk Dirty (feat. 2 Chainz);56
John Newman;Love Me Again;74
Britney Spears;Work B**ch;0
The Neighbourhood;Sweater Weather;89
Sebastian Ingrosso;Reload - Radio Edit;68
Capital Cities;Safe And Sound;0
Demi Lovato;Heart Attack;79
Arctic Monkeys;Why'd You Only Call Me When You're High?;84
Justin Bieber;Beauty And A Beat;73
Eminem;The Monster;75
Pitbull;Don't Stop the Party (feat. TJR);64
Selena Gomez;Come & Get It;69
P!nk;True Love (feat. Lily Allen);71
Disclosure;White Noise;54
Flo Rida;I Cry;60
Kanye West;Black Skinhead;0
Lana Del Rey;Summertime Sadness (Lana Del Rey Vs. Cedric Gervais) - Cedric Gervais Remix;72
Eminem;Berzerk;66
Icona Pop;I Love It (feat. Charli XCX);68
Fall Out Boy;My Songs Know What You Did In The Dark (Light Em Up);71
Lorde;Team;0
Avicii;I Could Be The One (Avicii Vs. Nicky Romero) - Radio Edit;68
Imagine Dragons;Demons;81
One Direction;One Way or Another (Teenage Kicks);66
Taylor Swift;I Knew You Were Trouble.;76
Arctic Monkeys;Do I Wanna Know?;84
Rudimental;Waiting All Night (feat. Ella Eyre);66
Klangkarussell;Sonnentanz - Sun Don't Shine;68
Calvin Harris;Drinking from the Bottle (feat. Tinie Tempah);61
A$AP Rocky;F**kin' Problems (feat. Drake, 2 Chainz & Kendrick Lamar);76
P!nk;Try;76
Ylvis;The Fox (What Does the Fox Say?);63
Ellie Goulding;Burn;70
Baauer;Harlem Shake;57
Calvin Harris;I Need Your Love (feat. Ellie Goulding);70
Katy Perry;This Is How We Do;60
AWOLNATION;Sail;2
Duke Dumont;Need U (100%) [feat. A*M*E] - Radio Edit;27
Jason Derulo;The Other Side;50
Storm Queen;Look Right Through - MK Vocal Edit;0
Calvin Harris;Sweet Nothing (feat. Florence Welch);71
Katy Perry;Unconditionally;0
Wale;Bad (feat. Rihanna) - Remix;61
Ciara;Body Party;64
Drake;Started From the Bottom;65
Birdy;Wings;48
Bastille;Of The Night;61
Olly Murs;Dear Darlin';59
Katy Perry;Roar;73
Blake Shelton;Sure Be Cool If You Did;56
Calvin Harris;Thinking About You (feat. Ayah Marar);65
JAY-Z;Holy Grail;62
Bridgit Mendler;Ready or Not;72
The Saturdays;What About Us;61
Bastille;Pompeii;74
One Direction;Best Song Ever;76
Nelly;Hey Porsche;57
Zedd;Clarity;0
Miley Cyrus;Wrecking Ball;77
Chris Brown;Fine China;0
Daft Punk;Lose Yourself to Dance (feat. Pharrell Williams);69
Armin van Buuren;This Is What It Feels Like;66
Justin Timberlake;Mirrors;78
Bruno Mars;Treasure;78
Of Monsters and Men;Little Talks;79
Miley Cyrus;We Can't Stop;78
J. Cole;Power Trip (feat. Miguel);0
Paramore;Still into You;79
Christina Perri;human;59
Drake;Hold On, We're Going Home;72
James Blunt;Bonfire Heart;0
Maroon 5;Daylight;66
Childish Gambino;3005;0
Avril Lavigne;Here's to Never Growing Up;0
Taylor Swift;22;68
Passenger;Let Her Go;73
Ariana Grande;The Way;65
Rihanna;Stay;76
Justin Timberlake;Suit & Tie (feat. Jay-Z);67
Bruno Mars;When I Was Your Man;83
Florida Georgia Line;Cruise;57
Pharrell Williams;"Happy - From ""Despicable Me 2""";79
Katy Perry;Dark Horse;74
ScHoolboy Q;Collard Greens;0
Iggy Azalea;Fancy;69
Maroon 5;Animals;79
Sam Smith;Stay With Me;80
MAGIC!;Rude;80
Sia;Chandelier;78
John Legend;All of Me;84
ZHU;Faded;49
Meghan Trainor;All About That Bass;72
David Guetta;Lovers on the Sun (feat. Sam Martin);50
Iggy Azalea;Black Widow;67
Tove Lo;Habits (Stay High);74
Oliver Heldens;Gecko (Overdrive) - Radio Edit;67
DJ Snake;You Know You Like It;69
Jason Derulo;Talk Dirty (feat. 2 Chainz);56
Maroon 5;Maps;0
David Guetta;Bad (feat. Vassy) - Radio Edit;45
Tinashe;2 On (feat. ScHoolboy Q);71
Route 94;My Love (feat. Jess Glynne);72
Taylor Swift;Bad Blood;54
Trey Songz;Na Na;62
Calvin Harris;Under Control (feat. Hurts);72
O.T. Genasis;CoCo;61
Jason Derulo;Wiggle (feat. Snoop Dogg);66
Lilly Wood and The Prick;Prayer in C - Robin Schulz Radio Edit;66
Jeremih;Don't Tell 'Em;74
Nicki Minaj;Anaconda;66
Calvin Harris;Blame (feat. John Newman);75
DJ Snake;Turn Down for What;70
Pitbull;Timber (feat. Ke$ha);80
OneRepublic;Counting Stars;62
Bobby Shmurda;Hot N*gga;73
Calvin Harris;Summer;21
ScHoolboy Q;Man Of The Year;0
Nico & Vinz;Am I Wrong;76
Becky G;Shower;78
Sigma;Nobody To Love - Radio Edit;62
The Chainsmokers;#SELFIE - Original Mix;0
Lorde;Team;76
Rixton;Me And My Broken Heart;77
Klingande;Jubel - Radio Edit;50
Mr. Probz;Waves - Robin Schulz Radio Edit;2
Paloma Faith;Only Love Can Hurt Like This;80
Kiesza;Hideaway;64
Ellie Goulding;Burn;70
Ariana Grande;Break Free;0
Kid Ink;Show Me (feat. Chris Brown);68
Tove Lo;Talking Body;66
Chris Brown;Loyal (feat. Lil Wayne & Tyga);72
OneRepublic;Love Runs Out;59
Olly Murs;Up (feat. Demi Lovato);0
Peking Duk;High (feat. Nicole Millar);48
Milky Chance;Stolen Dance;73
Ed Sheeran;Don't;72
Ariana Grande;Love Me Harder;74
Enrique Iglesias;Bailando - Spanish Version;66
Avicii;Hey Brother;2
Jessie J;Bang Bang;77
Duke Dumont;I Got U;67
Gorgon City;Ready For Your Love;61
Taylor Swift;Style;61
MKTO;Classic;82
Disclosure;Latch;74
Ariana Grande;Problem;73
Charli XCX;Boom Clap;49
One Direction;Steal My Girl;79
Tiësto;Red Lights;0
Selena Gomez;The Heart Wants What It Wants;58
Rita Ora;I Will Never Let You Down;65
5 Seconds of Summer;She Looks So Perfect;74
The Script;Superheroes;74
Taylor Swift;Shake It Off;79
One Direction;Night Changes;83
Ed Sheeran;Sing;69
Alesso;Heroes (we could be);52
Tiësto;Wasted;0
G.R.L.;Ugly Heart;64
Coldplay;A Sky Full of Stars;80
Clean Bandit;Rather Be (feat. Jess Glynne);72
Zedd;Stay The Night - Featuring Hayley Williams Of Paramore;63
Sia;Elastic Heart;70
One Direction;Story of My Life;81
Alex & Sierra;Little Do You Know;75
Omarion;Post to Be (feat. Chris Brown & Jhene Aiko);55
Echosmith;Cool Kids;71
Natalie La Rose;Somebody;66
Vance Joy;Riptide;80
Beyoncé;Drunk in Love (feat. Jay-Z);70
Maroon 5;Sugar;0
Ella Henderson;Ghost;63
Ed Sheeran;"I See Fire - From ""The Hobbit - The Desolation Of Smaug""";71
Chris Brown;New Flame (feat. Usher & Rick Ross);67
Sheppard;Geronimo;0
Olly Murs;Wrapped Up (feat. Travie McCoy);0
Sam Smith;Money On My Mind;62
Jason Derulo;Trumpets;53
Nicki Minaj;Bed Of Lies;53
Nick Jonas;Jealous - Remix;0
Mark Ronson;Uptown Funk (feat. Bruno Mars);82
Ed Sheeran;Thinking out Loud;81
Wiz Khalifa;See You Again (feat. Charlie Puth);81
Justin Bieber;What Do You Mean?;77
Major Lazer;Lean On (feat. MØ & DJ Snake);73
The Weeknd;"Earned It (Fifty Shades Of Grey) - From The ""Fifty Shades Of Grey"" Soundtrack";76
Ellie Goulding;"Love Me Like You Do - From ""Fifty Shades Of Grey""";78
Calvin Harris;Outside (feat. Ellie Goulding);78
David Guetta;Hey Mama (feat. Nicki Minaj, Bebe Rexha & Afrojack);75
Demi Lovato;Cool for the Summer;0
Taylor Swift;Blank Space;82
The Weeknd;The Hills;84
The Neighbourhood;Daddy Issues;85
Deorro;Five More Hours;66
Avicii;The Nights;85
DJ Snake;You Know You Like It;69
Adam Lambert;Ghost Town;46
Rae Sremmurd;No Type;71
Taylor Swift;Bad Blood;70
Flo Rida;GDFR (feat. Sage the Gemini & Lookas);49
Robin Schulz;Sugar (feat. Francesco Yates);76
Calvin Harris;How Deep Is Your Love;76
Philip George;Wish You Were Mine - Radio Edit;65
Trey Songz;Na Na;62
Fall Out Boy;Centuries;80
Rob $tone;Chill Bill (feat. J. Davi$ & Spooks);76
Lost Frequencies;Are You With Me - Radio Edit;33
Twenty One Pilots;Stressed Out;83
Fifth Harmony;Worth It (feat. Kid Ink);73
KALEO;Way down We Go;63
Sam Smith;Like I Can;79
Major Lazer;Light It Up (feat. Nyla & Fuse ODG) - Remix;49
Martin Solveig;Intoxicated - New Radio Mix;48
Avicii;Waiting For Love;79
Felix Jaehn;Ain't Nobody (Loves Me Better) (feat. Jasmine Thompson);72
Taylor Swift;Wildest Dreams;78
The Weeknd;In The Night;0
Pitbull;Time of Our Lives;80
Galantis;Runaway (U & I);74
Rihanna;Bitch Better Have My Money;73
Zara Larsson;Lush Life;0
One Direction;Drag Me Down;79
Travis Scott;Antidote;73
Years & Years;King;0
Demi Lovato;Confident;64
Lemaitre;Closer;59
Selena Gomez;Same Old Love;69
Pia Mia;Do It Again;72
Flo Rida;My House;76
Silentó;Watch Me (Whip / Nae Nae);0
Chris Brown;Ayo;71
The Strumbellas;Spirits;71
Fetty Wap;Trap Queen;68
Tove Lo;Talking Body;66
Beyoncé;7-Nov;69
Lana Del Rey;High By The Beach;67
Zara Larsson;Never Forget You;73
Jeremih;oui;77
Drake;Hotline Bling;77
Selena Gomez;Kill Em With Kindness;64
Birdy;Let It All Go;68
Fetty Wap;679 (feat. Remy Boyz);74
Ariana Grande;Love Me Harder;74
The Weeknd;Can't Feel My Face;79
SAYGRACE;You Don't Own Me (feat. G-Eazy);55
X Ambassadors;Renegades;75
R. City;Locked Away (feat. Adam Levine);77
Kygo;Stole the Show;74
Tame Impala;The Less I Know The Better;83
Selena Gomez;Good For You;0
Fetty Wap;My Way (feat. Monty);55
Hozier;Take Me To Church;81
Taylor Swift;Style;77
Alessia Cara;Here;0
Sam Smith;"Writing's On The Wall - From ""Spectre"" Soundtrack";66
David Guetta;Bang My Head (feat. Sia & Fetty Wap);47
Meek Mill;All Eyes on You (feat. Chris Brown & Nicki Minaj);68
Big Sean;I Don't Fuck With You;75
Kygo;Firestone;76
Drake;Jumpman;0
Petit Biscuit;Sunset Lover;71
Shawn Mendes;Stitches;78
Flo Rida;I Don't Like It, I Love It (feat. Robin Thicke & Verdine White);67
Selena Gomez;The Heart Wants What It Wants;64
Jack Ü;Where Are Ü Now (with Justin Bieber);74
Ellie Goulding;On My Mind;0
Bryson Tiller;Don't;78
Rich Homie Quan;Flex (Ooh, Ooh, Ooh);1
Joel Adams;Please Don't Go;71
Zedd;I Want You To Know;0
Jonas Blue;Fast Car;67
BØRNS;Electric Love;0
Sigala;Easy Love;66
Justin Bieber;Sorry;80
Ariana Grande;One Last Time;79
Little Mix;Black Magic;1
One Direction;Perfect;77
Years & Years;Shine;55
Meghan Trainor;Lips Are Movin;70
Nicky Jam;El Perdón - Forgiveness;51
The Weeknd;Starboy;0
Drake;One Dance;84
Justin Bieber;Love Yourself;0
The Chainsmokers;Closer;83
Adele;Hello;1
Desiigner;Panda;70
Burak Yeter;Tuesday (feat. Danelle Sandoval);72
Sia;Cheap Thrills (feat. Sean Paul);67
OneRepublic;Wherever I Go;70
Rihanna;Work;75
Coldplay;Hymn for the Weekend;82
Justin Bieber;Sorry;80
Justin Timberlake;"CAN'T STOP THE FEELING! (from DreamWorks Animation's ""TROLLS"")";76
WILLOW;Wait a Minute!;86
Desiigner;Tiimmy Turner;67
G-Eazy;Me, Myself & I;77
David Guetta;This One's for You (feat. Zara Larsson) (Official Song UEFA EURO 2016);68
Astrid S;Hurts So Good;0
Lil Wayne;Sucker for Pain (with Wiz Khalifa, Imagine Dragons, Logic & Ty Dolla $ign feat. X Ambassadors);75
Twenty One Pilots;Heathens;80
Future;Low Life (feat. The Weeknd);74
Galantis;No Money;67
The Chainsmokers;Don't Let Me Down;79
Tinie Tempah;Girls Like (feat. Zara Larsson);62
Alok;Hear Me Now;51
Jon Bellion;All Time Low;70
Cheat Codes;Sex;0
Meghan Trainor;NO;69
Dua Lipa;Hotter Than Hell;65
Martin Garrix;In the Name of Love;76
Alan Walker;Faded;78
Tove Lo;Cool Girl;0
DJ Snake;Let Me Love You;81
Calvin Harris;This Is What You Came For (feat. Rihanna);79
Mike Posner;I Took A Pill In Ibiza - Seeb Remix;77
Kevin Gates;2 Phones;69
Rihanna;Needed Me;80
Ariana Grande;Side To Side;0
Marshmello;Alone;71
Shawn Mendes;I Know What You Did Last Summer;73
Selena Gomez;Same Old Love;69
Calvin Harris;My Way;74
Fitz and The Tantrums;HandClap;64
Twenty One Pilots;Ride;80
Flo Rida;My House;76
Ariana Grande;Dangerous Woman;0
Anne-Marie;Alarm;57
Charlie Puth;We Don't Talk Anymore (feat. Selena Gomez);79
AlunaGeorge;I'm In Control;0
Enrique Iglesias;DUELE EL CORAZON (feat. Wisin);68
MNEK;Never Forget You;45
Mike Perry;The Ocean (feat. Shy Martin);70
Drake;Hotline Bling;0
Ariana Grande;Into You;3
Shawn Mendes;Treat You Better;82
Tory Lanez;Say It;73
Coldplay;Adventure of a Lifetime;76
Kungs;This Girl - Kungs Vs. Cookin' On 3 Burners;0
SAYGRACE;You Don't Own Me (feat. G-Eazy);69
X Ambassadors;Renegades;75
DNCE;Cake By The Ocean;79
99 Souls;The Girl Is Mine;55
Illy;Papercuts (feat. Vera Blue);51
Kiiara;Gold;55
Kygo;Stole the Show;0
Fifth Harmony;Work from Home (feat. Ty Dolla $ign);75
Drake;Pop Style;63
ZAYN;PILLOWTALK;59
Alessia Cara;Here;66
DJ Snake;Middle;0
Sigala;Sweet Lovin' - Radio Edit;46
Drake;Jumpman;72
Charlie Puth;Dangerously;62
Nick Jonas;Close;69
Jonas Blue;Perfect Strangers;0
Major Lazer;Cold Water (feat. Justin Bieber & MØ);0
The Chainsmokers;Roses;73
Tory Lanez;LUV;0
P!nk;"Just Like Fire (From the Original Motion Picture ""Alice Through The Looking Glass"")";68
Bryson Tiller;Don't;78
Steve Aoki;Just Hold On;63
Clean Bandit;Tears (feat. Louisa Johnson);60
Jonas Blue;Fast Car;1
Flume;Never Be Like You;0
Bastille;Good Grief;65
Sia;The Greatest (feat. Kendrick Lamar);68
PARTYNEXTDOOR;Not Nice;62
Garrett Nash;i hate u, i love u (feat. olivia o'brien);77
Hilltop Hoods;1955;63
Fifth Harmony;All In My Head (Flex) (feat. Fetty Wap);62
Daya;Sit Still, Look Pretty;1
Kent Jones;Don't Mind;63
Flume;Say It;53
Bryson Tiller;Exchange;76
MØ;Final Song;66
Beyoncé;Sorry;67
Little Mix;Shout Out to My Ex;1
The Lumineers;Ophelia;0
Frank Ocean;Pink + White;79
Drake;Too Good;74
Ed Sheeran;Shape of You;84
Sean Paul;No Lie;84
Luis Fonsi;Despacito (Featuring Daddy Yankee);0
Sam Smith;Too Good At Goodbyes;79
Clean Bandit;Rockabye (feat. Sean Paul & Anne-Marie);75
Camila Cabello;Havana (feat. Young Thug);1
Imagine Dragons;Thunder;1
Maroon 5;Don't Wanna Know (feat. Kendrick Lamar);68
The Chainsmokers;Something Just Like This;83
Ed Sheeran;Perfect;85
MGMT;Little Dark Age;81
Travis Scott;goosebumps;83
Billie Eilish;Bored;84
Future;Mask Off;79
G-Eazy;Him & I;0
Maroon 5;Cold (feat. Future);0
Rae Sremmurd;Swang;75
Lil Peep;Save That Shit;77
A$AP Ferg;Plain Jane;74
French Montana;Unforgettable;82
21 Savage;Bank Account;74
Axwell /\ Ingrosso;More Than You Know;0
ZAYN;Dusk Till Dawn (feat. Sia) - Radio Edit;77
J Balvin;Mi Gente;53
Jax Jones;You Don't Know Me - Radio Edit;1
Rae Sremmurd;Black Beatles;75
Zara Larsson;Ain't My Fault;67
Travis Scott;BUTTERFLY EFFECT;0
Ayo & Teo;Rolex;69
Lil Uzi Vert;XO Tour Llif3;81
Imagine Dragons;Whatever It Takes;80
Rob $tone;Chill Bill (feat. J. Davi$ & Spooks);76
Jason Derulo;Swalla (feat. Nicki Minaj & Ty Dolla $ign);75
G-Eazy;No Limit;0
Playboi Carti;Magnolia;77
Chord Overstreet;Hold On;80
Jax Jones;Breathe;58
Imagine Dragons;Believer;1
Natti Natasha;Criminal;74
Kendrick Lamar;HUMBLE.;0
Selena Gomez;Fetish (feat. Gucci Mane);69
Charlie Puth;Attention;0
Big Shaq;Man's Not Hot;62
Anne-Marie;Ciao Adios;57
Rag'n'Bone Man;Human;76
blackbear;do re mi;4
Lil Pump;Gucci Gang;64
Taylor Swift;Look What You Made Me Do;76
Enrique Iglesias;SUBEME LA RADIO (feat. Descemer Bueno & Zion & Lennox);70
Kodak Black;Tunnel Vision;51
Kendrick Lamar;DNA.;0
A Boogie Wit da Hoodie;Drowning (feat. Kodak Black);0
XXXTENTACION;Jocelyn Flores;83
Migos;Bad and Boujee (feat. Lil Uzi Vert);72
Yo Gotti;Rake It Up (feat. Nicki Minaj);67
Martin Garrix;Scared to Be Lonely;77
Jonas Blue;Mama;51
Martin Jensen;Solo Dance;0
Taylor Swift;...Ready For It?;73
David Guetta;2U (feat. Justin Bieber);67
Migos;Slippery (feat. Gucci Mane);68
Shawn Mendes;There's Nothing Holdin' Me Back;0
G-Eazy;Good Life (with G-Eazy & Kehlani);63
The Vamps;All Night;73
Dua Lipa;New Rules;61
Cardi B;Bodak Yellow;59
Rag'n'Bone Man;Skin;67
Zara Larsson;I Would Like;57
DJ Khaled;Wild Thoughts (feat. Rihanna & Bryson Tiller);72
Post Malone;Congratulations;81
Avicii;Without You (feat. Sandro Cavazza);77
Clean Bandit;Symphony (feat. Zara Larsson);0
Katy Perry;Chained To The Rhythm;69
Zay Hilfigerrr;Juju on That Beat (TZ Anthem);57
Calvin Harris;Feels (feat. Pharrell Williams, Katy Perry & Big Sean);79
Migos;T-Shirt;64
OneRepublic;Rich Love (with Seeb);64
Maggie Lindemann;Pretty Girl - Cheat Codes X CADE Remix;61
Macklemore;Glorious (feat. Skylar Grey);74
Hayden James;NUMB;47
Liam Payne;Strip That Down;1
Drake;Passionfruit;0
Justin Bieber;Friends (with BloodPop®);0
ZAYN;"I Don’t Wanna Live Forever (Fifty Shades Darker) - From ""Fifty Shades Darker (Original Motion Picture Soundtrack)""";0
Alessia Cara;Scars To Your Beautiful;76
2 Chainz;It's A Vibe;71
Starley;Call on Me - Ryan Riback Remix;48
AJR;Weak;0
Lana Del Rey;Lust for Life (with The Weeknd);0
CNCO;Reggaetón Lento (Remix);0
The Vamps;Middle Of The Night;61
The Weeknd;I Feel It Coming;78
The Chainsmokers;Paris;73
Big Sean;Bounce Back;71
Shawn Mendes;Mercy;0
Avicii;Lonely Together (feat. Rita Ora);53
Cheat Codes;No Promises (feat. Demi Lovato);68
Bruno Mars;24K Magic;78
Lorde;Homemade Dynamite - REMIX;8
Kygo;It Ain't Me (with Selena Gomez);75
Drake;God's Plan;81
Post Malone;rockstar (feat. 21 Savage);83
Offset;Ric Flair Drip (with Metro Boomin);80
G-Eazy;Him & I (with Halsey);75
Dynoro;In My Mind;78
Juice WRLD;Lucid Dreams;84
Zedd;The Middle;80
Marshmello;FRIENDS;78
Cardi B;I Like It;79
XXXTENTACION;Moonlight;82
Ariana Grande;no tears left to cry;77
Sheck Wes;Mo Bamba;77
Calvin Harris;One Kiss (with Dua Lipa);81
Tyga;Taste (feat. Offset);73
Travis Scott;SICKO MODE;81
Imagine Dragons;Natural;80
DJ Snake;Taki Taki (with Selena Gomez, Ozuna & Cardi B);76
Marshmello;Spotlight;71
The Weeknd;Pray For Me (with Kendrick Lamar);69
Billie Eilish;lovely (with Khalid);86
Migos;Walk It Talk It;75
Clean Bandit;Solo (feat. Demi Lovato);71
Drake;Nonstop;77
6ix9ine;FEFE;42
The Weeknd;Call Out My Name;80
Nio Garcia;Te Boté - Remix;76
Migos;MotorSport;72
Nicky Jam;X;74
XXXTENTACION;SAD!;82
Becky G;Sin Pijama;69
Machine Gun Kelly;Home (with Machine Gun Kelly, X Ambassadors & Bebe Rexha);71
6ix9ine;GUMMO;63
Jax Jones;Breathe;58
The Chainsmokers;Sick Boy;69
Jay Rock;King's Dead (with Kendrick Lamar, Future & James Blake);71
Rich The Kid;Plug Walk;72
Kendrick Lamar;All The Stars (with SZA);80
Logic;Everyday;69
Jason Derulo;Tip Toe (feat. French Montana);64
Ariana Grande;God is a woman;78
Rae Sremmurd;Powerglide (feat. Juicy J) - From SR3MM;66
EO;German;67
Dennis Lloyd;Nevermind;74
girl in red;we fell in love in october;82
Selena Gomez;Wolves;78
Tiësto;Jackie Chan;72
Tom Walker;Leave a Light On;70
Sofía Reyes;1, 2, 3 (feat. Jason Derulo & De La Ghetto);65
Marshmello;Silence;80
5 Seconds of Summer;Youngblood;69
Loud Luxury;Body (feat. brando);0
Liam Payne;For You (Fifty Shades Freed) (& Rita Ora);62
NF;Let You Down;79
XXXTENTACION;changes;79
Maluma;Corazón (feat. Nego do Borel);69
Cardi B;Bodak Yellow;72
Lil Baby;Yes Indeed;79
Jonas Blue;Rise;70
David Guetta;Flames;59
Ozuna;Vaina Loca;72
Charlie Puth;How Long;72
Post Malone;Better Now;80
BlocBoy JB;Look Alive (feat. Drake);73
Eminem;River (feat. Ed Sheeran);72
Marshmello;Happier;82
Dean Lewis;Be Alright;79
Charlie Puth;Done for Me (feat. Kehlani);67
Migos;Stir Fry;72
YG;BIG BANK (feat. 2 Chainz, Big Sean, Nicki Minaj);68
Drake;In My Feelings;75
B Young;Jumanji;60
Charlie Puth;The Way I Am;64
Reik;Me Niego (feat. Ozuna & Wisin);1
benny blanco;Eastside (with Halsey & Khalid);75
Luis Fonsi;Échame La Culpa;62
MK;17;65
Rita Ora;Anywhere;63
Banx & Ranx;Answerphone (feat. Yxng Bane);56
Ella Mai;Trip;72
Daddy Yankee;Dura;71
DJ Khaled;No Brainer;67
Anne-Marie;2002;80
Bruno Mars;Finesse - Remix;
FINNEAS;Let's Fall in Love for the Night;71
Hugh Jackman;The Greatest Show;72
Halsey;Bad At Love;72
Drake;I'm Upset;68
Camila Cabello;Never Be the Same;74
M.O;Bad Vibe;54
Dua Lipa;IDGAF;78
Cashmere Cat;Miss You (with Major Lazer & Tory Lanez);56
Bazzi;Mine;75
Lil Dicky;Freaky Friday (feat. Chris Brown);70
Lauv;I Like Me Better;81
The Chainsmokers;This Feeling;73
Maroon 5;Girls Like You (feat. Cardi B) - Cardi B Version;73
Khalid;Love Lies (with Normani);73
Drake;Nice For What;77
Kendrick Lamar;LOVE. FEAT. ZACARI.;80
Post Malone;Psycho (feat. Ty Dolla $ign);77
Lil Nas X;Old Town Road - Remix;79
Billie Eilish;bad guy;83
Shawn Mendes;Señorita;78
Ariana Grande;7 rings;83
Post Malone;Sunflower - Spider-Man: Into the Spider-Verse;79
Gesaffelstein;Lost in the Fire (feat. The Weeknd);84
Halsey;Without Me;77
Regard;Ride It;81
Lady Gaga;Shallow;82
Mark Ronson;Nothing Breaks Like a Heart (feat. Miley Cyrus);79
Lewis Capaldi;Someone You Loved;84
Jax Jones;All Day And Night;60
Mustard;Pure Water (with Migos);75
NLE Choppa;Shotta Flow (feat. Blueface) [Remix];0
Kodak Black;ZEZE (feat. Travis Scott & Offset);77
Daddy Yankee;Con Calma;79
Alec Benjamin;Let Me Down Slowly;82
BLACKPINK;Kill This Love;1
Offset;Clout (feat. Cardi B);68
MEDUZA;Piece Of Your Heart;75
Ed Sheeran;Antisocial (with Travis Scott);63
Travis Scott;SICKO MODE;81
Mabel;Mad Love;0
Lana Del Rey;Doin' Time;80
DJ Snake;Taki Taki (feat. Selena Gomez, Ozuna & Cardi B);70
A Boogie Wit da Hoodie;Look Back at It;73
Saweetie;My Type;71
Lil Tecca;Ransom;78
Russ Millions;Keisha & Becky - Remix;69
Billie Eilish;lovely (with Khalid);86
Mabel;Don't Call Me Up;77
Lil Nas X;Old Town Road;76
Meek Mill;Going Bad (feat. Drake);78
Post Malone;Wow.;79
Doja Cat;Juicy;57
A Boogie Wit da Hoodie;Swervin (feat. 6ix9ine);75
iann dior;emotions;72
Paulo Londra;Adan y Eva;72
Drake;Money In The Grave (Drake ft. Rick Ross);76
Lil Nas X;Panini;71
Bad Bunny;MIA (feat. Drake);77
Polo G;Pop Out (feat. Lil Tjay);78
Juice WRLD;Robbery;53
21 Savage;a lot;78
Young Thug;The London (feat. J. Cole & Travis Scott);69
Anuel AA;China;76
Camila Cabello;Liar;65
Flipp Dinero;Leave Me Alone;69
Cardi B;Money;73
Ariana Grande;break up with your girlfriend, i'm bored;76
Dave;Location (feat. Burna Boy);78
Ava Max;Sweet but Psycho;7
Dua Lipa;Don't Start Now;79
Young T & Bugsey;Strike a Pose (feat. Aitch);61
Calvin Harris;Giant (with Rag'n'Bone Man);73
Ed Sheeran;Take Me Back to London (feat. Stormzy);66
Cardi B;Please Me;73
Stormzy;Vossi Bop;64
Tones And I;Dance Monkey;78
Ariana Grande;boyfriend (with Social House);77
Bad Bunny;Callaita;81
Ava Max;So Am I;4
Pedro Capó;Calma - Remix;74
J. Cole;MIDDLE CHILD;80
Lunay;Soltera - Remix;70
Khalid;Better;70
Blueface;Thotiana;1
DaBaby;Suge;72
AJ Tracey;Ladbroke Grove;69
Billie Eilish;bury a friend;75
BTS;Boy With Luv (feat. Halsey);35
Wiley;Boasty (feat. Idris Elba);64
Jonas Brothers;Only Human;71
5 Seconds of Summer;Easier;1
Avicii;SOS (feat. Aloe Blacc);71
Tyler; The Creator;2019
Ashley O;On A Roll;57
Dominic Fike;3 Nights;78
Sigala;Wish You Well;64
Megan Thee Stallion;Hot Girl Summer (feat. Nicki Minaj & Ty Dolla $ign);69
Anuel AA;Secreto;75
Sam Feldt;Post Malone (feat. RANI);69
Kehlani;Nights Like This (feat. Ty Dolla $ign);74
Sech;Otro Trago;71
Post Malone;Better Now;80
Ed Sheeran;Cross Me (feat. Chance the Rapper & PnB Rock);64
Lauv;i'm so tired...;2
iann dior;gone girl;69
Panic! At The Disco;High Hopes;80
Marshmello;One Thing Right;73
Sam Smith;How Do You Sleep?;73
NSG;Options;57
Normani;Motivation;71
Joel Corry;Sorry;63
Post Malone;Goodbyes (Feat. Young Thug);1
Jonas Brothers;Sucker;79
Taylor Swift;Cruel Summer;78
Blanco Brown;The Git Up;69
Sam Smith;Dancing With A Stranger (with Normani);75
Post Malone;Circles;85